species;individual;island;Atribute;Value
Adelie;1;Biscoe;bill_length_mm;37.8
Adelie;2;Biscoe;bill_length_mm;37.7
Adelie;3;Biscoe;bill_length_mm;35.9
Adelie;4;Biscoe;bill_length_mm;38.2
Adelie;5;Biscoe;bill_length_mm;38.8
Adelie;6;Biscoe;bill_length_mm;35.3
Adelie;7;Biscoe;bill_length_mm;40.6
Adelie;8;Biscoe;bill_length_mm;40.5
Adelie;9;Biscoe;bill_length_mm;37.9
Adelie;10;Biscoe;bill_length_mm;40.5
Adelie;11;Biscoe;bill_length_mm;39.6
Adelie;12;Biscoe;bill_length_mm;40.1
Adelie;13;Biscoe;bill_length_mm;35
Adelie;14;Biscoe;bill_length_mm;42
Adelie;15;Biscoe;bill_length_mm;34.5
Adelie;16;Biscoe;bill_length_mm;41.4
Adelie;17;Biscoe;bill_length_mm;39
Adelie;18;Biscoe;bill_length_mm;40.6
Adelie;19;Biscoe;bill_length_mm;36.5
Adelie;20;Biscoe;bill_length_mm;37.6
Adelie;21;Biscoe;bill_length_mm;35.7
Adelie;22;Biscoe;bill_length_mm;41.3
Adelie;23;Biscoe;bill_length_mm;37.6
Adelie;24;Biscoe;bill_length_mm;41.1
Adelie;25;Biscoe;bill_length_mm;36.4
Adelie;26;Biscoe;bill_length_mm;41.6
Adelie;27;Biscoe;bill_length_mm;35.5
Adelie;28;Biscoe;bill_length_mm;41.1
Adelie;29;Biscoe;bill_length_mm;35
Adelie;30;Biscoe;bill_length_mm;41
Adelie;31;Biscoe;bill_length_mm;37.7
Adelie;32;Biscoe;bill_length_mm;37.8
Adelie;33;Biscoe;bill_length_mm;37.9
Adelie;34;Biscoe;bill_length_mm;39.7
Adelie;35;Biscoe;bill_length_mm;38.6
Adelie;36;Biscoe;bill_length_mm;38.2
Adelie;37;Biscoe;bill_length_mm;38.1
Adelie;38;Biscoe;bill_length_mm;43.2
Adelie;39;Biscoe;bill_length_mm;38.1
Adelie;40;Biscoe;bill_length_mm;45.6
Adelie;41;Biscoe;bill_length_mm;39.7
Adelie;42;Biscoe;bill_length_mm;42.2
Adelie;43;Biscoe;bill_length_mm;39.6
Adelie;44;Biscoe;bill_length_mm;42.7
Adelie;1;Dream;bill_length_mm;39.5
Adelie;2;Dream;bill_length_mm;37.2
Adelie;3;Dream;bill_length_mm;39.5
Adelie;4;Dream;bill_length_mm;40.9
Adelie;5;Dream;bill_length_mm;36.4
Adelie;6;Dream;bill_length_mm;39.2
Adelie;7;Dream;bill_length_mm;38.8
Adelie;8;Dream;bill_length_mm;42.2
Adelie;9;Dream;bill_length_mm;37.6
Adelie;10;Dream;bill_length_mm;39.8
Adelie;11;Dream;bill_length_mm;36.5
Adelie;12;Dream;bill_length_mm;40.8
Adelie;13;Dream;bill_length_mm;36
Adelie;14;Dream;bill_length_mm;44.1
Adelie;15;Dream;bill_length_mm;37
Adelie;16;Dream;bill_length_mm;39.6
Adelie;17;Dream;bill_length_mm;41.1
Adelie;18;Dream;bill_length_mm;37.5
Adelie;19;Dream;bill_length_mm;36
Adelie;20;Dream;bill_length_mm;42.3
Adelie;21;Dream;bill_length_mm;37.3
Adelie;22;Dream;bill_length_mm;41.3
Adelie;23;Dream;bill_length_mm;36.3
Adelie;24;Dream;bill_length_mm;36.9
Adelie;25;Dream;bill_length_mm;38.3
Adelie;26;Dream;bill_length_mm;38.9
Adelie;27;Dream;bill_length_mm;35.7
Adelie;28;Dream;bill_length_mm;41.1
Adelie;29;Dream;bill_length_mm;34
Adelie;30;Dream;bill_length_mm;39.6
Adelie;31;Dream;bill_length_mm;36.2
Adelie;32;Dream;bill_length_mm;40.8
Adelie;33;Dream;bill_length_mm;38.1
Adelie;34;Dream;bill_length_mm;40.3
Adelie;35;Dream;bill_length_mm;33.1
Adelie;36;Dream;bill_length_mm;43.2
Adelie;37;Dream;bill_length_mm;36.8
Adelie;38;Dream;bill_length_mm;37.5
Adelie;39;Dream;bill_length_mm;38.1
Adelie;40;Dream;bill_length_mm;41.1
Adelie;41;Dream;bill_length_mm;35.6
Adelie;42;Dream;bill_length_mm;40.2
Adelie;43;Dream;bill_length_mm;37
Adelie;44;Dream;bill_length_mm;39.7
Adelie;45;Dream;bill_length_mm;40.2
Adelie;46;Dream;bill_length_mm;40.6
Adelie;47;Dream;bill_length_mm;32.1
Adelie;48;Dream;bill_length_mm;40.7
Adelie;49;Dream;bill_length_mm;37.3
Adelie;50;Dream;bill_length_mm;39
Adelie;51;Dream;bill_length_mm;39.2
Adelie;52;Dream;bill_length_mm;36.6
Adelie;53;Dream;bill_length_mm;36
Adelie;54;Dream;bill_length_mm;37.8
Adelie;55;Dream;bill_length_mm;36
Adelie;56;Dream;bill_length_mm;41.5
Adelie;1;Torgersen;bill_length_mm;39.1
Adelie;2;Torgersen;bill_length_mm;39.5
Adelie;3;Torgersen;bill_length_mm;40.3
Adelie;4;Torgersen;bill_length_mm;NA
Adelie;5;Torgersen;bill_length_mm;36.7
Adelie;6;Torgersen;bill_length_mm;39.3
Adelie;7;Torgersen;bill_length_mm;38.9
Adelie;8;Torgersen;bill_length_mm;39.2
Adelie;9;Torgersen;bill_length_mm;34.1
Adelie;10;Torgersen;bill_length_mm;42
Adelie;11;Torgersen;bill_length_mm;37.8
Adelie;12;Torgersen;bill_length_mm;37.8
Adelie;13;Torgersen;bill_length_mm;41.1
Adelie;14;Torgersen;bill_length_mm;38.6
Adelie;15;Torgersen;bill_length_mm;34.6
Adelie;16;Torgersen;bill_length_mm;36.6
Adelie;17;Torgersen;bill_length_mm;38.7
Adelie;18;Torgersen;bill_length_mm;42.5
Adelie;19;Torgersen;bill_length_mm;34.4
Adelie;20;Torgersen;bill_length_mm;46
Adelie;21;Torgersen;bill_length_mm;35.9
Adelie;22;Torgersen;bill_length_mm;41.8
Adelie;23;Torgersen;bill_length_mm;33.5
Adelie;24;Torgersen;bill_length_mm;39.7
Adelie;25;Torgersen;bill_length_mm;39.6
Adelie;26;Torgersen;bill_length_mm;45.8
Adelie;27;Torgersen;bill_length_mm;35.5
Adelie;28;Torgersen;bill_length_mm;42.8
Adelie;29;Torgersen;bill_length_mm;40.9
Adelie;30;Torgersen;bill_length_mm;37.2
Adelie;31;Torgersen;bill_length_mm;36.2
Adelie;32;Torgersen;bill_length_mm;42.1
Adelie;33;Torgersen;bill_length_mm;34.6
Adelie;34;Torgersen;bill_length_mm;42.9
Adelie;35;Torgersen;bill_length_mm;36.7
Adelie;36;Torgersen;bill_length_mm;35.1
Adelie;37;Torgersen;bill_length_mm;38.6
Adelie;38;Torgersen;bill_length_mm;37.3
Adelie;39;Torgersen;bill_length_mm;35.7
Adelie;40;Torgersen;bill_length_mm;41.1
Adelie;41;Torgersen;bill_length_mm;36.2
Adelie;42;Torgersen;bill_length_mm;37.7
Adelie;43;Torgersen;bill_length_mm;40.2
Adelie;44;Torgersen;bill_length_mm;41.4
Adelie;45;Torgersen;bill_length_mm;35.2
Adelie;46;Torgersen;bill_length_mm;40.6
Adelie;47;Torgersen;bill_length_mm;38.8
Adelie;48;Torgersen;bill_length_mm;41.5
Adelie;49;Torgersen;bill_length_mm;39
Adelie;50;Torgersen;bill_length_mm;44.1
Adelie;51;Torgersen;bill_length_mm;38.5
Adelie;52;Torgersen;bill_length_mm;43.1
Chinstrap;1;Dream;bill_length_mm;46.5
Chinstrap;2;Dream;bill_length_mm;50
Chinstrap;3;Dream;bill_length_mm;51.3
Chinstrap;4;Dream;bill_length_mm;45.4
Chinstrap;5;Dream;bill_length_mm;52.7
Chinstrap;6;Dream;bill_length_mm;45.2
Chinstrap;7;Dream;bill_length_mm;46.1
Chinstrap;8;Dream;bill_length_mm;51.3
Chinstrap;9;Dream;bill_length_mm;46
Chinstrap;10;Dream;bill_length_mm;51.3
Chinstrap;11;Dream;bill_length_mm;46.6
Chinstrap;12;Dream;bill_length_mm;51.7
Chinstrap;13;Dream;bill_length_mm;47
Chinstrap;14;Dream;bill_length_mm;52
Chinstrap;15;Dream;bill_length_mm;45.9
Chinstrap;16;Dream;bill_length_mm;50.5
Chinstrap;17;Dream;bill_length_mm;50.3
Chinstrap;18;Dream;bill_length_mm;58
Chinstrap;19;Dream;bill_length_mm;46.4
Chinstrap;20;Dream;bill_length_mm;49.2
Chinstrap;21;Dream;bill_length_mm;42.4
Chinstrap;22;Dream;bill_length_mm;48.5
Chinstrap;23;Dream;bill_length_mm;43.2
Chinstrap;24;Dream;bill_length_mm;50.6
Chinstrap;25;Dream;bill_length_mm;46.7
Chinstrap;26;Dream;bill_length_mm;52
Chinstrap;27;Dream;bill_length_mm;50.5
Chinstrap;28;Dream;bill_length_mm;49.5
Chinstrap;29;Dream;bill_length_mm;46.4
Chinstrap;30;Dream;bill_length_mm;52.8
Chinstrap;31;Dream;bill_length_mm;40.9
Chinstrap;32;Dream;bill_length_mm;54.2
Chinstrap;33;Dream;bill_length_mm;42.5
Chinstrap;34;Dream;bill_length_mm;51
Chinstrap;35;Dream;bill_length_mm;49.7
Chinstrap;36;Dream;bill_length_mm;47.5
Chinstrap;37;Dream;bill_length_mm;47.6
Chinstrap;38;Dream;bill_length_mm;52
Chinstrap;39;Dream;bill_length_mm;46.9
Chinstrap;40;Dream;bill_length_mm;53.5
Chinstrap;41;Dream;bill_length_mm;49
Chinstrap;42;Dream;bill_length_mm;46.2
Chinstrap;43;Dream;bill_length_mm;50.9
Chinstrap;44;Dream;bill_length_mm;45.5
Chinstrap;45;Dream;bill_length_mm;50.9
Chinstrap;46;Dream;bill_length_mm;50.8
Chinstrap;47;Dream;bill_length_mm;50.1
Chinstrap;48;Dream;bill_length_mm;49
Chinstrap;49;Dream;bill_length_mm;51.5
Chinstrap;50;Dream;bill_length_mm;49.8
Chinstrap;51;Dream;bill_length_mm;48.1
Chinstrap;52;Dream;bill_length_mm;51.4
Chinstrap;53;Dream;bill_length_mm;45.7
Chinstrap;54;Dream;bill_length_mm;50.7
Chinstrap;55;Dream;bill_length_mm;42.5
Chinstrap;56;Dream;bill_length_mm;52.2
Chinstrap;57;Dream;bill_length_mm;45.2
Chinstrap;58;Dream;bill_length_mm;49.3
Chinstrap;59;Dream;bill_length_mm;50.2
Chinstrap;60;Dream;bill_length_mm;45.6
Chinstrap;61;Dream;bill_length_mm;51.9
Chinstrap;62;Dream;bill_length_mm;46.8
Chinstrap;63;Dream;bill_length_mm;45.7
Chinstrap;64;Dream;bill_length_mm;55.8
Chinstrap;65;Dream;bill_length_mm;43.5
Chinstrap;66;Dream;bill_length_mm;49.6
Chinstrap;67;Dream;bill_length_mm;50.8
Chinstrap;68;Dream;bill_length_mm;50.2
Gentoo;1;Biscoe;bill_length_mm;46.1
Gentoo;2;Biscoe;bill_length_mm;50
Gentoo;3;Biscoe;bill_length_mm;48.7
Gentoo;4;Biscoe;bill_length_mm;50
Gentoo;5;Biscoe;bill_length_mm;47.6
Gentoo;6;Biscoe;bill_length_mm;46.5
Gentoo;7;Biscoe;bill_length_mm;45.4
Gentoo;8;Biscoe;bill_length_mm;46.7
Gentoo;9;Biscoe;bill_length_mm;43.3
Gentoo;10;Biscoe;bill_length_mm;46.8
Gentoo;11;Biscoe;bill_length_mm;40.9
Gentoo;12;Biscoe;bill_length_mm;49
Gentoo;13;Biscoe;bill_length_mm;45.5
Gentoo;14;Biscoe;bill_length_mm;48.4
Gentoo;15;Biscoe;bill_length_mm;45.8
Gentoo;16;Biscoe;bill_length_mm;49.3
Gentoo;17;Biscoe;bill_length_mm;42
Gentoo;18;Biscoe;bill_length_mm;49.2
Gentoo;19;Biscoe;bill_length_mm;46.2
Gentoo;20;Biscoe;bill_length_mm;48.7
Gentoo;21;Biscoe;bill_length_mm;50.2
Gentoo;22;Biscoe;bill_length_mm;45.1
Gentoo;23;Biscoe;bill_length_mm;46.5
Gentoo;24;Biscoe;bill_length_mm;46.3
Gentoo;25;Biscoe;bill_length_mm;42.9
Gentoo;26;Biscoe;bill_length_mm;46.1
Gentoo;27;Biscoe;bill_length_mm;44.5
Gentoo;28;Biscoe;bill_length_mm;47.8
Gentoo;29;Biscoe;bill_length_mm;48.2
Gentoo;30;Biscoe;bill_length_mm;50
Gentoo;31;Biscoe;bill_length_mm;47.3
Gentoo;32;Biscoe;bill_length_mm;42.8
Gentoo;33;Biscoe;bill_length_mm;45.1
Gentoo;34;Biscoe;bill_length_mm;59.6
Gentoo;35;Biscoe;bill_length_mm;49.1
Gentoo;36;Biscoe;bill_length_mm;48.4
Gentoo;37;Biscoe;bill_length_mm;42.6
Gentoo;38;Biscoe;bill_length_mm;44.4
Gentoo;39;Biscoe;bill_length_mm;44
Gentoo;40;Biscoe;bill_length_mm;48.7
Gentoo;41;Biscoe;bill_length_mm;42.7
Gentoo;42;Biscoe;bill_length_mm;49.6
Gentoo;43;Biscoe;bill_length_mm;45.3
Gentoo;44;Biscoe;bill_length_mm;49.6
Gentoo;45;Biscoe;bill_length_mm;50.5
Gentoo;46;Biscoe;bill_length_mm;43.6
Gentoo;47;Biscoe;bill_length_mm;45.5
Gentoo;48;Biscoe;bill_length_mm;50.5
Gentoo;49;Biscoe;bill_length_mm;44.9
Gentoo;50;Biscoe;bill_length_mm;45.2
Gentoo;51;Biscoe;bill_length_mm;46.6
Gentoo;52;Biscoe;bill_length_mm;48.5
Gentoo;53;Biscoe;bill_length_mm;45.1
Gentoo;54;Biscoe;bill_length_mm;50.1
Gentoo;55;Biscoe;bill_length_mm;46.5
Gentoo;56;Biscoe;bill_length_mm;45
Gentoo;57;Biscoe;bill_length_mm;43.8
Gentoo;58;Biscoe;bill_length_mm;45.5
Gentoo;59;Biscoe;bill_length_mm;43.2
Gentoo;60;Biscoe;bill_length_mm;50.4
Gentoo;61;Biscoe;bill_length_mm;45.3
Gentoo;62;Biscoe;bill_length_mm;46.2
Gentoo;63;Biscoe;bill_length_mm;45.7
Gentoo;64;Biscoe;bill_length_mm;54.3
Gentoo;65;Biscoe;bill_length_mm;45.8
Gentoo;66;Biscoe;bill_length_mm;49.8
Gentoo;67;Biscoe;bill_length_mm;46.2
Gentoo;68;Biscoe;bill_length_mm;49.5
Gentoo;69;Biscoe;bill_length_mm;43.5
Gentoo;70;Biscoe;bill_length_mm;50.7
Gentoo;71;Biscoe;bill_length_mm;47.7
Gentoo;72;Biscoe;bill_length_mm;46.4
Gentoo;73;Biscoe;bill_length_mm;48.2
Gentoo;74;Biscoe;bill_length_mm;46.5
Gentoo;75;Biscoe;bill_length_mm;46.4
Gentoo;76;Biscoe;bill_length_mm;48.6
Gentoo;77;Biscoe;bill_length_mm;47.5
Gentoo;78;Biscoe;bill_length_mm;51.1
Gentoo;79;Biscoe;bill_length_mm;45.2
Gentoo;80;Biscoe;bill_length_mm;45.2
Gentoo;81;Biscoe;bill_length_mm;49.1
Gentoo;82;Biscoe;bill_length_mm;52.5
Gentoo;83;Biscoe;bill_length_mm;47.4
Gentoo;84;Biscoe;bill_length_mm;50
Gentoo;85;Biscoe;bill_length_mm;44.9
Gentoo;86;Biscoe;bill_length_mm;50.8
Gentoo;87;Biscoe;bill_length_mm;43.4
Gentoo;88;Biscoe;bill_length_mm;51.3
Gentoo;89;Biscoe;bill_length_mm;47.5
Gentoo;90;Biscoe;bill_length_mm;52.1
Gentoo;91;Biscoe;bill_length_mm;47.5
Gentoo;92;Biscoe;bill_length_mm;52.2
Gentoo;93;Biscoe;bill_length_mm;45.5
Gentoo;94;Biscoe;bill_length_mm;49.5
Gentoo;95;Biscoe;bill_length_mm;44.5
Gentoo;96;Biscoe;bill_length_mm;50.8
Gentoo;97;Biscoe;bill_length_mm;49.4
Gentoo;98;Biscoe;bill_length_mm;46.9
Gentoo;99;Biscoe;bill_length_mm;48.4
Gentoo;100;Biscoe;bill_length_mm;51.1
Gentoo;101;Biscoe;bill_length_mm;48.5
Gentoo;102;Biscoe;bill_length_mm;55.9
Gentoo;103;Biscoe;bill_length_mm;47.2
Gentoo;104;Biscoe;bill_length_mm;49.1
Gentoo;105;Biscoe;bill_length_mm;47.3
Gentoo;106;Biscoe;bill_length_mm;46.8
Gentoo;107;Biscoe;bill_length_mm;41.7
Gentoo;108;Biscoe;bill_length_mm;53.4
Gentoo;109;Biscoe;bill_length_mm;43.3
Gentoo;110;Biscoe;bill_length_mm;48.1
Gentoo;111;Biscoe;bill_length_mm;50.5
Gentoo;112;Biscoe;bill_length_mm;49.8
Gentoo;113;Biscoe;bill_length_mm;43.5
Gentoo;114;Biscoe;bill_length_mm;51.5
Gentoo;115;Biscoe;bill_length_mm;46.2
Gentoo;116;Biscoe;bill_length_mm;55.1
Gentoo;117;Biscoe;bill_length_mm;44.5
Gentoo;118;Biscoe;bill_length_mm;48.8
Gentoo;119;Biscoe;bill_length_mm;47.2
Gentoo;120;Biscoe;bill_length_mm;NA
Gentoo;121;Biscoe;bill_length_mm;46.8
Gentoo;122;Biscoe;bill_length_mm;50.4
Gentoo;123;Biscoe;bill_length_mm;45.2
Gentoo;124;Biscoe;bill_length_mm;49.9
Adelie;1;Biscoe;bill_depth_mm;18.3
Adelie;2;Biscoe;bill_depth_mm;18.7
Adelie;3;Biscoe;bill_depth_mm;19.2
Adelie;4;Biscoe;bill_depth_mm;18.1
Adelie;5;Biscoe;bill_depth_mm;17.2
Adelie;6;Biscoe;bill_depth_mm;18.9
Adelie;7;Biscoe;bill_depth_mm;18.6
Adelie;8;Biscoe;bill_depth_mm;17.9
Adelie;9;Biscoe;bill_depth_mm;18.6
Adelie;10;Biscoe;bill_depth_mm;18.9
Adelie;11;Biscoe;bill_depth_mm;17.7
Adelie;12;Biscoe;bill_depth_mm;18.9
Adelie;13;Biscoe;bill_depth_mm;17.9
Adelie;14;Biscoe;bill_depth_mm;19.5
Adelie;15;Biscoe;bill_depth_mm;18.1
Adelie;16;Biscoe;bill_depth_mm;18.6
Adelie;17;Biscoe;bill_depth_mm;17.5
Adelie;18;Biscoe;bill_depth_mm;18.8
Adelie;19;Biscoe;bill_depth_mm;16.6
Adelie;20;Biscoe;bill_depth_mm;19.1
Adelie;21;Biscoe;bill_depth_mm;16.9
Adelie;22;Biscoe;bill_depth_mm;21.1
Adelie;23;Biscoe;bill_depth_mm;17
Adelie;24;Biscoe;bill_depth_mm;18.2
Adelie;25;Biscoe;bill_depth_mm;17.1
Adelie;26;Biscoe;bill_depth_mm;18
Adelie;27;Biscoe;bill_depth_mm;16.2
Adelie;28;Biscoe;bill_depth_mm;19.1
Adelie;29;Biscoe;bill_depth_mm;17.9
Adelie;30;Biscoe;bill_depth_mm;20
Adelie;31;Biscoe;bill_depth_mm;16
Adelie;32;Biscoe;bill_depth_mm;20
Adelie;33;Biscoe;bill_depth_mm;18.6
Adelie;34;Biscoe;bill_depth_mm;18.9
Adelie;35;Biscoe;bill_depth_mm;17.2
Adelie;36;Biscoe;bill_depth_mm;20
Adelie;37;Biscoe;bill_depth_mm;17
Adelie;38;Biscoe;bill_depth_mm;19
Adelie;39;Biscoe;bill_depth_mm;16.5
Adelie;40;Biscoe;bill_depth_mm;20.3
Adelie;41;Biscoe;bill_depth_mm;17.7
Adelie;42;Biscoe;bill_depth_mm;19.5
Adelie;43;Biscoe;bill_depth_mm;20.7
Adelie;44;Biscoe;bill_depth_mm;18.3
Adelie;1;Dream;bill_depth_mm;16.7
Adelie;2;Dream;bill_depth_mm;18.1
Adelie;3;Dream;bill_depth_mm;17.8
Adelie;4;Dream;bill_depth_mm;18.9
Adelie;5;Dream;bill_depth_mm;17
Adelie;6;Dream;bill_depth_mm;21.1
Adelie;7;Dream;bill_depth_mm;20
Adelie;8;Dream;bill_depth_mm;18.5
Adelie;9;Dream;bill_depth_mm;19.3
Adelie;10;Dream;bill_depth_mm;19.1
Adelie;11;Dream;bill_depth_mm;18
Adelie;12;Dream;bill_depth_mm;18.4
Adelie;13;Dream;bill_depth_mm;18.5
Adelie;14;Dream;bill_depth_mm;19.7
Adelie;15;Dream;bill_depth_mm;16.9
Adelie;16;Dream;bill_depth_mm;18.8
Adelie;17;Dream;bill_depth_mm;19
Adelie;18;Dream;bill_depth_mm;18.9
Adelie;19;Dream;bill_depth_mm;17.9
Adelie;20;Dream;bill_depth_mm;21.2
Adelie;21;Dream;bill_depth_mm;17.8
Adelie;22;Dream;bill_depth_mm;20.3
Adelie;23;Dream;bill_depth_mm;19.5
Adelie;24;Dream;bill_depth_mm;18.6
Adelie;25;Dream;bill_depth_mm;19.2
Adelie;26;Dream;bill_depth_mm;18.8
Adelie;27;Dream;bill_depth_mm;18
Adelie;28;Dream;bill_depth_mm;18.1
Adelie;29;Dream;bill_depth_mm;17.1
Adelie;30;Dream;bill_depth_mm;18.1
Adelie;31;Dream;bill_depth_mm;17.3
Adelie;32;Dream;bill_depth_mm;18.9
Adelie;33;Dream;bill_depth_mm;18.6
Adelie;34;Dream;bill_depth_mm;18.5
Adelie;35;Dream;bill_depth_mm;16.1
Adelie;36;Dream;bill_depth_mm;18.5
Adelie;37;Dream;bill_depth_mm;18.5
Adelie;38;Dream;bill_depth_mm;18.5
Adelie;39;Dream;bill_depth_mm;17.6
Adelie;40;Dream;bill_depth_mm;17.5
Adelie;41;Dream;bill_depth_mm;17.5
Adelie;42;Dream;bill_depth_mm;20.1
Adelie;43;Dream;bill_depth_mm;16.5
Adelie;44;Dream;bill_depth_mm;17.9
Adelie;45;Dream;bill_depth_mm;17.1
Adelie;46;Dream;bill_depth_mm;17.2
Adelie;47;Dream;bill_depth_mm;15.5
Adelie;48;Dream;bill_depth_mm;17
Adelie;49;Dream;bill_depth_mm;16.8
Adelie;50;Dream;bill_depth_mm;18.7
Adelie;51;Dream;bill_depth_mm;18.6
Adelie;52;Dream;bill_depth_mm;18.4
Adelie;53;Dream;bill_depth_mm;17.8
Adelie;54;Dream;bill_depth_mm;18.1
Adelie;55;Dream;bill_depth_mm;17.1
Adelie;56;Dream;bill_depth_mm;18.5
Adelie;1;Torgersen;bill_depth_mm;18.7
Adelie;2;Torgersen;bill_depth_mm;17.4
Adelie;3;Torgersen;bill_depth_mm;18
Adelie;4;Torgersen;bill_depth_mm;NA
Adelie;5;Torgersen;bill_depth_mm;19.3
Adelie;6;Torgersen;bill_depth_mm;20.6
Adelie;7;Torgersen;bill_depth_mm;17.8
Adelie;8;Torgersen;bill_depth_mm;19.6
Adelie;9;Torgersen;bill_depth_mm;18.1
Adelie;10;Torgersen;bill_depth_mm;20.2
Adelie;11;Torgersen;bill_depth_mm;17.1
Adelie;12;Torgersen;bill_depth_mm;17.3
Adelie;13;Torgersen;bill_depth_mm;17.6
Adelie;14;Torgersen;bill_depth_mm;21.2
Adelie;15;Torgersen;bill_depth_mm;21.1
Adelie;16;Torgersen;bill_depth_mm;17.8
Adelie;17;Torgersen;bill_depth_mm;19
Adelie;18;Torgersen;bill_depth_mm;20.7
Adelie;19;Torgersen;bill_depth_mm;18.4
Adelie;20;Torgersen;bill_depth_mm;21.5
Adelie;21;Torgersen;bill_depth_mm;16.6
Adelie;22;Torgersen;bill_depth_mm;19.4
Adelie;23;Torgersen;bill_depth_mm;19
Adelie;24;Torgersen;bill_depth_mm;18.4
Adelie;25;Torgersen;bill_depth_mm;17.2
Adelie;26;Torgersen;bill_depth_mm;18.9
Adelie;27;Torgersen;bill_depth_mm;17.5
Adelie;28;Torgersen;bill_depth_mm;18.5
Adelie;29;Torgersen;bill_depth_mm;16.8
Adelie;30;Torgersen;bill_depth_mm;19.4
Adelie;31;Torgersen;bill_depth_mm;16.1
Adelie;32;Torgersen;bill_depth_mm;19.1
Adelie;33;Torgersen;bill_depth_mm;17.2
Adelie;34;Torgersen;bill_depth_mm;17.6
Adelie;35;Torgersen;bill_depth_mm;18.8
Adelie;36;Torgersen;bill_depth_mm;19.4
Adelie;37;Torgersen;bill_depth_mm;17
Adelie;38;Torgersen;bill_depth_mm;20.5
Adelie;39;Torgersen;bill_depth_mm;17
Adelie;40;Torgersen;bill_depth_mm;18.6
Adelie;41;Torgersen;bill_depth_mm;17.2
Adelie;42;Torgersen;bill_depth_mm;19.8
Adelie;43;Torgersen;bill_depth_mm;17
Adelie;44;Torgersen;bill_depth_mm;18.5
Adelie;45;Torgersen;bill_depth_mm;15.9
Adelie;46;Torgersen;bill_depth_mm;19
Adelie;47;Torgersen;bill_depth_mm;17.6
Adelie;48;Torgersen;bill_depth_mm;18.3
Adelie;49;Torgersen;bill_depth_mm;17.1
Adelie;50;Torgersen;bill_depth_mm;18
Adelie;51;Torgersen;bill_depth_mm;17.9
Adelie;52;Torgersen;bill_depth_mm;19.2
Chinstrap;1;Dream;bill_depth_mm;17.9
Chinstrap;2;Dream;bill_depth_mm;19.5
Chinstrap;3;Dream;bill_depth_mm;19.2
Chinstrap;4;Dream;bill_depth_mm;18.7
Chinstrap;5;Dream;bill_depth_mm;19.8
Chinstrap;6;Dream;bill_depth_mm;17.8
Chinstrap;7;Dream;bill_depth_mm;18.2
Chinstrap;8;Dream;bill_depth_mm;18.2
Chinstrap;9;Dream;bill_depth_mm;18.9
Chinstrap;10;Dream;bill_depth_mm;19.9
Chinstrap;11;Dream;bill_depth_mm;17.8
Chinstrap;12;Dream;bill_depth_mm;20.3
Chinstrap;13;Dream;bill_depth_mm;17.3
Chinstrap;14;Dream;bill_depth_mm;18.1
Chinstrap;15;Dream;bill_depth_mm;17.1
Chinstrap;16;Dream;bill_depth_mm;19.6
Chinstrap;17;Dream;bill_depth_mm;20
Chinstrap;18;Dream;bill_depth_mm;17.8
Chinstrap;19;Dream;bill_depth_mm;18.6
Chinstrap;20;Dream;bill_depth_mm;18.2
Chinstrap;21;Dream;bill_depth_mm;17.3
Chinstrap;22;Dream;bill_depth_mm;17.5
Chinstrap;23;Dream;bill_depth_mm;16.6
Chinstrap;24;Dream;bill_depth_mm;19.4
Chinstrap;25;Dream;bill_depth_mm;17.9
Chinstrap;26;Dream;bill_depth_mm;19
Chinstrap;27;Dream;bill_depth_mm;18.4
Chinstrap;28;Dream;bill_depth_mm;19
Chinstrap;29;Dream;bill_depth_mm;17.8
Chinstrap;30;Dream;bill_depth_mm;20
Chinstrap;31;Dream;bill_depth_mm;16.6
Chinstrap;32;Dream;bill_depth_mm;20.8
Chinstrap;33;Dream;bill_depth_mm;16.7
Chinstrap;34;Dream;bill_depth_mm;18.8
Chinstrap;35;Dream;bill_depth_mm;18.6
Chinstrap;36;Dream;bill_depth_mm;16.8
Chinstrap;37;Dream;bill_depth_mm;18.3
Chinstrap;38;Dream;bill_depth_mm;20.7
Chinstrap;39;Dream;bill_depth_mm;16.6
Chinstrap;40;Dream;bill_depth_mm;19.9
Chinstrap;41;Dream;bill_depth_mm;19.5
Chinstrap;42;Dream;bill_depth_mm;17.5
Chinstrap;43;Dream;bill_depth_mm;19.1
Chinstrap;44;Dream;bill_depth_mm;17
Chinstrap;45;Dream;bill_depth_mm;17.9
Chinstrap;46;Dream;bill_depth_mm;18.5
Chinstrap;47;Dream;bill_depth_mm;17.9
Chinstrap;48;Dream;bill_depth_mm;19.6
Chinstrap;49;Dream;bill_depth_mm;18.7
Chinstrap;50;Dream;bill_depth_mm;17.3
Chinstrap;51;Dream;bill_depth_mm;16.4
Chinstrap;52;Dream;bill_depth_mm;19
Chinstrap;53;Dream;bill_depth_mm;17.3
Chinstrap;54;Dream;bill_depth_mm;19.7
Chinstrap;55;Dream;bill_depth_mm;17.3
Chinstrap;56;Dream;bill_depth_mm;18.8
Chinstrap;57;Dream;bill_depth_mm;16.6
Chinstrap;58;Dream;bill_depth_mm;19.9
Chinstrap;59;Dream;bill_depth_mm;18.8
Chinstrap;60;Dream;bill_depth_mm;19.4
Chinstrap;61;Dream;bill_depth_mm;19.5
Chinstrap;62;Dream;bill_depth_mm;16.5
Chinstrap;63;Dream;bill_depth_mm;17
Chinstrap;64;Dream;bill_depth_mm;19.8
Chinstrap;65;Dream;bill_depth_mm;18.1
Chinstrap;66;Dream;bill_depth_mm;18.2
Chinstrap;67;Dream;bill_depth_mm;19
Chinstrap;68;Dream;bill_depth_mm;18.7
Gentoo;1;Biscoe;bill_depth_mm;13.2
Gentoo;2;Biscoe;bill_depth_mm;16.3
Gentoo;3;Biscoe;bill_depth_mm;14.1
Gentoo;4;Biscoe;bill_depth_mm;15.2
Gentoo;5;Biscoe;bill_depth_mm;14.5
Gentoo;6;Biscoe;bill_depth_mm;13.5
Gentoo;7;Biscoe;bill_depth_mm;14.6
Gentoo;8;Biscoe;bill_depth_mm;15.3
Gentoo;9;Biscoe;bill_depth_mm;13.4
Gentoo;10;Biscoe;bill_depth_mm;15.4
Gentoo;11;Biscoe;bill_depth_mm;13.7
Gentoo;12;Biscoe;bill_depth_mm;16.1
Gentoo;13;Biscoe;bill_depth_mm;13.7
Gentoo;14;Biscoe;bill_depth_mm;14.6
Gentoo;15;Biscoe;bill_depth_mm;14.6
Gentoo;16;Biscoe;bill_depth_mm;15.7
Gentoo;17;Biscoe;bill_depth_mm;13.5
Gentoo;18;Biscoe;bill_depth_mm;15.2
Gentoo;19;Biscoe;bill_depth_mm;14.5
Gentoo;20;Biscoe;bill_depth_mm;15.1
Gentoo;21;Biscoe;bill_depth_mm;14.3
Gentoo;22;Biscoe;bill_depth_mm;14.5
Gentoo;23;Biscoe;bill_depth_mm;14.5
Gentoo;24;Biscoe;bill_depth_mm;15.8
Gentoo;25;Biscoe;bill_depth_mm;13.1
Gentoo;26;Biscoe;bill_depth_mm;15.1
Gentoo;27;Biscoe;bill_depth_mm;14.3
Gentoo;28;Biscoe;bill_depth_mm;15
Gentoo;29;Biscoe;bill_depth_mm;14.3
Gentoo;30;Biscoe;bill_depth_mm;15.3
Gentoo;31;Biscoe;bill_depth_mm;15.3
Gentoo;32;Biscoe;bill_depth_mm;14.2
Gentoo;33;Biscoe;bill_depth_mm;14.5
Gentoo;34;Biscoe;bill_depth_mm;17
Gentoo;35;Biscoe;bill_depth_mm;14.8
Gentoo;36;Biscoe;bill_depth_mm;16.3
Gentoo;37;Biscoe;bill_depth_mm;13.7
Gentoo;38;Biscoe;bill_depth_mm;17.3
Gentoo;39;Biscoe;bill_depth_mm;13.6
Gentoo;40;Biscoe;bill_depth_mm;15.7
Gentoo;41;Biscoe;bill_depth_mm;13.7
Gentoo;42;Biscoe;bill_depth_mm;16
Gentoo;43;Biscoe;bill_depth_mm;13.7
Gentoo;44;Biscoe;bill_depth_mm;15
Gentoo;45;Biscoe;bill_depth_mm;15.9
Gentoo;46;Biscoe;bill_depth_mm;13.9
Gentoo;47;Biscoe;bill_depth_mm;13.9
Gentoo;48;Biscoe;bill_depth_mm;15.9
Gentoo;49;Biscoe;bill_depth_mm;13.3
Gentoo;50;Biscoe;bill_depth_mm;15.8
Gentoo;51;Biscoe;bill_depth_mm;14.2
Gentoo;52;Biscoe;bill_depth_mm;14.1
Gentoo;53;Biscoe;bill_depth_mm;14.4
Gentoo;54;Biscoe;bill_depth_mm;15
Gentoo;55;Biscoe;bill_depth_mm;14.4
Gentoo;56;Biscoe;bill_depth_mm;15.4
Gentoo;57;Biscoe;bill_depth_mm;13.9
Gentoo;58;Biscoe;bill_depth_mm;15
Gentoo;59;Biscoe;bill_depth_mm;14.5
Gentoo;60;Biscoe;bill_depth_mm;15.3
Gentoo;61;Biscoe;bill_depth_mm;13.8
Gentoo;62;Biscoe;bill_depth_mm;14.9
Gentoo;63;Biscoe;bill_depth_mm;13.9
Gentoo;64;Biscoe;bill_depth_mm;15.7
Gentoo;65;Biscoe;bill_depth_mm;14.2
Gentoo;66;Biscoe;bill_depth_mm;16.8
Gentoo;67;Biscoe;bill_depth_mm;14.4
Gentoo;68;Biscoe;bill_depth_mm;16.2
Gentoo;69;Biscoe;bill_depth_mm;14.2
Gentoo;70;Biscoe;bill_depth_mm;15
Gentoo;71;Biscoe;bill_depth_mm;15
Gentoo;72;Biscoe;bill_depth_mm;15.6
Gentoo;73;Biscoe;bill_depth_mm;15.6
Gentoo;74;Biscoe;bill_depth_mm;14.8
Gentoo;75;Biscoe;bill_depth_mm;15
Gentoo;76;Biscoe;bill_depth_mm;16
Gentoo;77;Biscoe;bill_depth_mm;14.2
Gentoo;78;Biscoe;bill_depth_mm;16.3
Gentoo;79;Biscoe;bill_depth_mm;13.8
Gentoo;80;Biscoe;bill_depth_mm;16.4
Gentoo;81;Biscoe;bill_depth_mm;14.5
Gentoo;82;Biscoe;bill_depth_mm;15.6
Gentoo;83;Biscoe;bill_depth_mm;14.6
Gentoo;84;Biscoe;bill_depth_mm;15.9
Gentoo;85;Biscoe;bill_depth_mm;13.8
Gentoo;86;Biscoe;bill_depth_mm;17.3
Gentoo;87;Biscoe;bill_depth_mm;14.4
Gentoo;88;Biscoe;bill_depth_mm;14.2
Gentoo;89;Biscoe;bill_depth_mm;14
Gentoo;90;Biscoe;bill_depth_mm;17
Gentoo;91;Biscoe;bill_depth_mm;15
Gentoo;92;Biscoe;bill_depth_mm;17.1
Gentoo;93;Biscoe;bill_depth_mm;14.5
Gentoo;94;Biscoe;bill_depth_mm;16.1
Gentoo;95;Biscoe;bill_depth_mm;14.7
Gentoo;96;Biscoe;bill_depth_mm;15.7
Gentoo;97;Biscoe;bill_depth_mm;15.8
Gentoo;98;Biscoe;bill_depth_mm;14.6
Gentoo;99;Biscoe;bill_depth_mm;14.4
Gentoo;100;Biscoe;bill_depth_mm;16.5
Gentoo;101;Biscoe;bill_depth_mm;15
Gentoo;102;Biscoe;bill_depth_mm;17
Gentoo;103;Biscoe;bill_depth_mm;15.5
Gentoo;104;Biscoe;bill_depth_mm;15
Gentoo;105;Biscoe;bill_depth_mm;13.8
Gentoo;106;Biscoe;bill_depth_mm;16.1
Gentoo;107;Biscoe;bill_depth_mm;14.7
Gentoo;108;Biscoe;bill_depth_mm;15.8
Gentoo;109;Biscoe;bill_depth_mm;14
Gentoo;110;Biscoe;bill_depth_mm;15.1
Gentoo;111;Biscoe;bill_depth_mm;15.2
Gentoo;112;Biscoe;bill_depth_mm;15.9
Gentoo;113;Biscoe;bill_depth_mm;15.2
Gentoo;114;Biscoe;bill_depth_mm;16.3
Gentoo;115;Biscoe;bill_depth_mm;14.1
Gentoo;116;Biscoe;bill_depth_mm;16
Gentoo;117;Biscoe;bill_depth_mm;15.7
Gentoo;118;Biscoe;bill_depth_mm;16.2
Gentoo;119;Biscoe;bill_depth_mm;13.7
Gentoo;120;Biscoe;bill_depth_mm;NA
Gentoo;121;Biscoe;bill_depth_mm;14.3
Gentoo;122;Biscoe;bill_depth_mm;15.7
Gentoo;123;Biscoe;bill_depth_mm;14.8
Gentoo;124;Biscoe;bill_depth_mm;16.1
Adelie;1;Biscoe;flipper_length_mm;174
Adelie;2;Biscoe;flipper_length_mm;180
Adelie;3;Biscoe;flipper_length_mm;189
Adelie;4;Biscoe;flipper_length_mm;185
Adelie;5;Biscoe;flipper_length_mm;180
Adelie;6;Biscoe;flipper_length_mm;187
Adelie;7;Biscoe;flipper_length_mm;183
Adelie;8;Biscoe;flipper_length_mm;187
Adelie;9;Biscoe;flipper_length_mm;172
Adelie;10;Biscoe;flipper_length_mm;180
Adelie;11;Biscoe;flipper_length_mm;186
Adelie;12;Biscoe;flipper_length_mm;188
Adelie;13;Biscoe;flipper_length_mm;190
Adelie;14;Biscoe;flipper_length_mm;200
Adelie;15;Biscoe;flipper_length_mm;187
Adelie;16;Biscoe;flipper_length_mm;191
Adelie;17;Biscoe;flipper_length_mm;186
Adelie;18;Biscoe;flipper_length_mm;193
Adelie;19;Biscoe;flipper_length_mm;181
Adelie;20;Biscoe;flipper_length_mm;194
Adelie;21;Biscoe;flipper_length_mm;185
Adelie;22;Biscoe;flipper_length_mm;195
Adelie;23;Biscoe;flipper_length_mm;185
Adelie;24;Biscoe;flipper_length_mm;192
Adelie;25;Biscoe;flipper_length_mm;184
Adelie;26;Biscoe;flipper_length_mm;192
Adelie;27;Biscoe;flipper_length_mm;195
Adelie;28;Biscoe;flipper_length_mm;188
Adelie;29;Biscoe;flipper_length_mm;192
Adelie;30;Biscoe;flipper_length_mm;203
Adelie;31;Biscoe;flipper_length_mm;183
Adelie;32;Biscoe;flipper_length_mm;190
Adelie;33;Biscoe;flipper_length_mm;193
Adelie;34;Biscoe;flipper_length_mm;184
Adelie;35;Biscoe;flipper_length_mm;199
Adelie;36;Biscoe;flipper_length_mm;190
Adelie;37;Biscoe;flipper_length_mm;181
Adelie;38;Biscoe;flipper_length_mm;197
Adelie;39;Biscoe;flipper_length_mm;198
Adelie;40;Biscoe;flipper_length_mm;191
Adelie;41;Biscoe;flipper_length_mm;193
Adelie;42;Biscoe;flipper_length_mm;197
Adelie;43;Biscoe;flipper_length_mm;191
Adelie;44;Biscoe;flipper_length_mm;196
Adelie;1;Dream;flipper_length_mm;178
Adelie;2;Dream;flipper_length_mm;178
Adelie;3;Dream;flipper_length_mm;188
Adelie;4;Dream;flipper_length_mm;184
Adelie;5;Dream;flipper_length_mm;195
Adelie;6;Dream;flipper_length_mm;196
Adelie;7;Dream;flipper_length_mm;190
Adelie;8;Dream;flipper_length_mm;180
Adelie;9;Dream;flipper_length_mm;181
Adelie;10;Dream;flipper_length_mm;184
Adelie;11;Dream;flipper_length_mm;182
Adelie;12;Dream;flipper_length_mm;195
Adelie;13;Dream;flipper_length_mm;186
Adelie;14;Dream;flipper_length_mm;196
Adelie;15;Dream;flipper_length_mm;185
Adelie;16;Dream;flipper_length_mm;190
Adelie;17;Dream;flipper_length_mm;182
Adelie;18;Dream;flipper_length_mm;179
Adelie;19;Dream;flipper_length_mm;190
Adelie;20;Dream;flipper_length_mm;191
Adelie;21;Dream;flipper_length_mm;191
Adelie;22;Dream;flipper_length_mm;194
Adelie;23;Dream;flipper_length_mm;190
Adelie;24;Dream;flipper_length_mm;189
Adelie;25;Dream;flipper_length_mm;189
Adelie;26;Dream;flipper_length_mm;190
Adelie;27;Dream;flipper_length_mm;202
Adelie;28;Dream;flipper_length_mm;205
Adelie;29;Dream;flipper_length_mm;185
Adelie;30;Dream;flipper_length_mm;186
Adelie;31;Dream;flipper_length_mm;187
Adelie;32;Dream;flipper_length_mm;208
Adelie;33;Dream;flipper_length_mm;190
Adelie;34;Dream;flipper_length_mm;196
Adelie;35;Dream;flipper_length_mm;178
Adelie;36;Dream;flipper_length_mm;192
Adelie;37;Dream;flipper_length_mm;193
Adelie;38;Dream;flipper_length_mm;199
Adelie;39;Dream;flipper_length_mm;187
Adelie;40;Dream;flipper_length_mm;190
Adelie;41;Dream;flipper_length_mm;191
Adelie;42;Dream;flipper_length_mm;200
Adelie;43;Dream;flipper_length_mm;185
Adelie;44;Dream;flipper_length_mm;193
Adelie;45;Dream;flipper_length_mm;193
Adelie;46;Dream;flipper_length_mm;187
Adelie;47;Dream;flipper_length_mm;188
Adelie;48;Dream;flipper_length_mm;190
Adelie;49;Dream;flipper_length_mm;192
Adelie;50;Dream;flipper_length_mm;185
Adelie;51;Dream;flipper_length_mm;190
Adelie;52;Dream;flipper_length_mm;184
Adelie;53;Dream;flipper_length_mm;195
Adelie;54;Dream;flipper_length_mm;193
Adelie;55;Dream;flipper_length_mm;187
Adelie;56;Dream;flipper_length_mm;201
Adelie;1;Torgersen;flipper_length_mm;181
Adelie;2;Torgersen;flipper_length_mm;186
Adelie;3;Torgersen;flipper_length_mm;195
Adelie;4;Torgersen;flipper_length_mm;NA
Adelie;5;Torgersen;flipper_length_mm;193
Adelie;6;Torgersen;flipper_length_mm;190
Adelie;7;Torgersen;flipper_length_mm;181
Adelie;8;Torgersen;flipper_length_mm;195
Adelie;9;Torgersen;flipper_length_mm;193
Adelie;10;Torgersen;flipper_length_mm;190
Adelie;11;Torgersen;flipper_length_mm;186
Adelie;12;Torgersen;flipper_length_mm;180
Adelie;13;Torgersen;flipper_length_mm;182
Adelie;14;Torgersen;flipper_length_mm;191
Adelie;15;Torgersen;flipper_length_mm;198
Adelie;16;Torgersen;flipper_length_mm;185
Adelie;17;Torgersen;flipper_length_mm;195
Adelie;18;Torgersen;flipper_length_mm;197
Adelie;19;Torgersen;flipper_length_mm;184
Adelie;20;Torgersen;flipper_length_mm;194
Adelie;21;Torgersen;flipper_length_mm;190
Adelie;22;Torgersen;flipper_length_mm;198
Adelie;23;Torgersen;flipper_length_mm;190
Adelie;24;Torgersen;flipper_length_mm;190
Adelie;25;Torgersen;flipper_length_mm;196
Adelie;26;Torgersen;flipper_length_mm;197
Adelie;27;Torgersen;flipper_length_mm;190
Adelie;28;Torgersen;flipper_length_mm;195
Adelie;29;Torgersen;flipper_length_mm;191
Adelie;30;Torgersen;flipper_length_mm;184
Adelie;31;Torgersen;flipper_length_mm;187
Adelie;32;Torgersen;flipper_length_mm;195
Adelie;33;Torgersen;flipper_length_mm;189
Adelie;34;Torgersen;flipper_length_mm;196
Adelie;35;Torgersen;flipper_length_mm;187
Adelie;36;Torgersen;flipper_length_mm;193
Adelie;37;Torgersen;flipper_length_mm;188
Adelie;38;Torgersen;flipper_length_mm;199
Adelie;39;Torgersen;flipper_length_mm;189
Adelie;40;Torgersen;flipper_length_mm;189
Adelie;41;Torgersen;flipper_length_mm;187
Adelie;42;Torgersen;flipper_length_mm;198
Adelie;43;Torgersen;flipper_length_mm;176
Adelie;44;Torgersen;flipper_length_mm;202
Adelie;45;Torgersen;flipper_length_mm;186
Adelie;46;Torgersen;flipper_length_mm;199
Adelie;47;Torgersen;flipper_length_mm;191
Adelie;48;Torgersen;flipper_length_mm;195
Adelie;49;Torgersen;flipper_length_mm;191
Adelie;50;Torgersen;flipper_length_mm;210
Adelie;51;Torgersen;flipper_length_mm;190
Adelie;52;Torgersen;flipper_length_mm;197
Chinstrap;1;Dream;flipper_length_mm;192
Chinstrap;2;Dream;flipper_length_mm;196
Chinstrap;3;Dream;flipper_length_mm;193
Chinstrap;4;Dream;flipper_length_mm;188
Chinstrap;5;Dream;flipper_length_mm;197
Chinstrap;6;Dream;flipper_length_mm;198
Chinstrap;7;Dream;flipper_length_mm;178
Chinstrap;8;Dream;flipper_length_mm;197
Chinstrap;9;Dream;flipper_length_mm;195
Chinstrap;10;Dream;flipper_length_mm;198
Chinstrap;11;Dream;flipper_length_mm;193
Chinstrap;12;Dream;flipper_length_mm;194
Chinstrap;13;Dream;flipper_length_mm;185
Chinstrap;14;Dream;flipper_length_mm;201
Chinstrap;15;Dream;flipper_length_mm;190
Chinstrap;16;Dream;flipper_length_mm;201
Chinstrap;17;Dream;flipper_length_mm;197
Chinstrap;18;Dream;flipper_length_mm;181
Chinstrap;19;Dream;flipper_length_mm;190
Chinstrap;20;Dream;flipper_length_mm;195
Chinstrap;21;Dream;flipper_length_mm;181
Chinstrap;22;Dream;flipper_length_mm;191
Chinstrap;23;Dream;flipper_length_mm;187
Chinstrap;24;Dream;flipper_length_mm;193
Chinstrap;25;Dream;flipper_length_mm;195
Chinstrap;26;Dream;flipper_length_mm;197
Chinstrap;27;Dream;flipper_length_mm;200
Chinstrap;28;Dream;flipper_length_mm;200
Chinstrap;29;Dream;flipper_length_mm;191
Chinstrap;30;Dream;flipper_length_mm;205
Chinstrap;31;Dream;flipper_length_mm;187
Chinstrap;32;Dream;flipper_length_mm;201
Chinstrap;33;Dream;flipper_length_mm;187
Chinstrap;34;Dream;flipper_length_mm;203
Chinstrap;35;Dream;flipper_length_mm;195
Chinstrap;36;Dream;flipper_length_mm;199
Chinstrap;37;Dream;flipper_length_mm;195
Chinstrap;38;Dream;flipper_length_mm;210
Chinstrap;39;Dream;flipper_length_mm;192
Chinstrap;40;Dream;flipper_length_mm;205
Chinstrap;41;Dream;flipper_length_mm;210
Chinstrap;42;Dream;flipper_length_mm;187
Chinstrap;43;Dream;flipper_length_mm;196
Chinstrap;44;Dream;flipper_length_mm;196
Chinstrap;45;Dream;flipper_length_mm;196
Chinstrap;46;Dream;flipper_length_mm;201
Chinstrap;47;Dream;flipper_length_mm;190
Chinstrap;48;Dream;flipper_length_mm;212
Chinstrap;49;Dream;flipper_length_mm;187
Chinstrap;50;Dream;flipper_length_mm;198
Chinstrap;51;Dream;flipper_length_mm;199
Chinstrap;52;Dream;flipper_length_mm;201
Chinstrap;53;Dream;flipper_length_mm;193
Chinstrap;54;Dream;flipper_length_mm;203
Chinstrap;55;Dream;flipper_length_mm;187
Chinstrap;56;Dream;flipper_length_mm;197
Chinstrap;57;Dream;flipper_length_mm;191
Chinstrap;58;Dream;flipper_length_mm;203
Chinstrap;59;Dream;flipper_length_mm;202
Chinstrap;60;Dream;flipper_length_mm;194
Chinstrap;61;Dream;flipper_length_mm;206
Chinstrap;62;Dream;flipper_length_mm;189
Chinstrap;63;Dream;flipper_length_mm;195
Chinstrap;64;Dream;flipper_length_mm;207
Chinstrap;65;Dream;flipper_length_mm;202
Chinstrap;66;Dream;flipper_length_mm;193
Chinstrap;67;Dream;flipper_length_mm;210
Chinstrap;68;Dream;flipper_length_mm;198
Gentoo;1;Biscoe;flipper_length_mm;211
Gentoo;2;Biscoe;flipper_length_mm;230
Gentoo;3;Biscoe;flipper_length_mm;210
Gentoo;4;Biscoe;flipper_length_mm;218
Gentoo;5;Biscoe;flipper_length_mm;215
Gentoo;6;Biscoe;flipper_length_mm;210
Gentoo;7;Biscoe;flipper_length_mm;211
Gentoo;8;Biscoe;flipper_length_mm;219
Gentoo;9;Biscoe;flipper_length_mm;209
Gentoo;10;Biscoe;flipper_length_mm;215
Gentoo;11;Biscoe;flipper_length_mm;214
Gentoo;12;Biscoe;flipper_length_mm;216
Gentoo;13;Biscoe;flipper_length_mm;214
Gentoo;14;Biscoe;flipper_length_mm;213
Gentoo;15;Biscoe;flipper_length_mm;210
Gentoo;16;Biscoe;flipper_length_mm;217
Gentoo;17;Biscoe;flipper_length_mm;210
Gentoo;18;Biscoe;flipper_length_mm;221
Gentoo;19;Biscoe;flipper_length_mm;209
Gentoo;20;Biscoe;flipper_length_mm;222
Gentoo;21;Biscoe;flipper_length_mm;218
Gentoo;22;Biscoe;flipper_length_mm;215
Gentoo;23;Biscoe;flipper_length_mm;213
Gentoo;24;Biscoe;flipper_length_mm;215
Gentoo;25;Biscoe;flipper_length_mm;215
Gentoo;26;Biscoe;flipper_length_mm;215
Gentoo;27;Biscoe;flipper_length_mm;216
Gentoo;28;Biscoe;flipper_length_mm;215
Gentoo;29;Biscoe;flipper_length_mm;210
Gentoo;30;Biscoe;flipper_length_mm;220
Gentoo;31;Biscoe;flipper_length_mm;222
Gentoo;32;Biscoe;flipper_length_mm;209
Gentoo;33;Biscoe;flipper_length_mm;207
Gentoo;34;Biscoe;flipper_length_mm;230
Gentoo;35;Biscoe;flipper_length_mm;220
Gentoo;36;Biscoe;flipper_length_mm;220
Gentoo;37;Biscoe;flipper_length_mm;213
Gentoo;38;Biscoe;flipper_length_mm;219
Gentoo;39;Biscoe;flipper_length_mm;208
Gentoo;40;Biscoe;flipper_length_mm;208
Gentoo;41;Biscoe;flipper_length_mm;208
Gentoo;42;Biscoe;flipper_length_mm;225
Gentoo;43;Biscoe;flipper_length_mm;210
Gentoo;44;Biscoe;flipper_length_mm;216
Gentoo;45;Biscoe;flipper_length_mm;222
Gentoo;46;Biscoe;flipper_length_mm;217
Gentoo;47;Biscoe;flipper_length_mm;210
Gentoo;48;Biscoe;flipper_length_mm;225
Gentoo;49;Biscoe;flipper_length_mm;213
Gentoo;50;Biscoe;flipper_length_mm;215
Gentoo;51;Biscoe;flipper_length_mm;210
Gentoo;52;Biscoe;flipper_length_mm;220
Gentoo;53;Biscoe;flipper_length_mm;210
Gentoo;54;Biscoe;flipper_length_mm;225
Gentoo;55;Biscoe;flipper_length_mm;217
Gentoo;56;Biscoe;flipper_length_mm;220
Gentoo;57;Biscoe;flipper_length_mm;208
Gentoo;58;Biscoe;flipper_length_mm;220
Gentoo;59;Biscoe;flipper_length_mm;208
Gentoo;60;Biscoe;flipper_length_mm;224
Gentoo;61;Biscoe;flipper_length_mm;208
Gentoo;62;Biscoe;flipper_length_mm;221
Gentoo;63;Biscoe;flipper_length_mm;214
Gentoo;64;Biscoe;flipper_length_mm;231
Gentoo;65;Biscoe;flipper_length_mm;219
Gentoo;66;Biscoe;flipper_length_mm;230
Gentoo;67;Biscoe;flipper_length_mm;214
Gentoo;68;Biscoe;flipper_length_mm;229
Gentoo;69;Biscoe;flipper_length_mm;220
Gentoo;70;Biscoe;flipper_length_mm;223
Gentoo;71;Biscoe;flipper_length_mm;216
Gentoo;72;Biscoe;flipper_length_mm;221
Gentoo;73;Biscoe;flipper_length_mm;221
Gentoo;74;Biscoe;flipper_length_mm;217
Gentoo;75;Biscoe;flipper_length_mm;216
Gentoo;76;Biscoe;flipper_length_mm;230
Gentoo;77;Biscoe;flipper_length_mm;209
Gentoo;78;Biscoe;flipper_length_mm;220
Gentoo;79;Biscoe;flipper_length_mm;215
Gentoo;80;Biscoe;flipper_length_mm;223
Gentoo;81;Biscoe;flipper_length_mm;212
Gentoo;82;Biscoe;flipper_length_mm;221
Gentoo;83;Biscoe;flipper_length_mm;212
Gentoo;84;Biscoe;flipper_length_mm;224
Gentoo;85;Biscoe;flipper_length_mm;212
Gentoo;86;Biscoe;flipper_length_mm;228
Gentoo;87;Biscoe;flipper_length_mm;218
Gentoo;88;Biscoe;flipper_length_mm;218
Gentoo;89;Biscoe;flipper_length_mm;212
Gentoo;90;Biscoe;flipper_length_mm;230
Gentoo;91;Biscoe;flipper_length_mm;218
Gentoo;92;Biscoe;flipper_length_mm;228
Gentoo;93;Biscoe;flipper_length_mm;212
Gentoo;94;Biscoe;flipper_length_mm;224
Gentoo;95;Biscoe;flipper_length_mm;214
Gentoo;96;Biscoe;flipper_length_mm;226
Gentoo;97;Biscoe;flipper_length_mm;216
Gentoo;98;Biscoe;flipper_length_mm;222
Gentoo;99;Biscoe;flipper_length_mm;203
Gentoo;100;Biscoe;flipper_length_mm;225
Gentoo;101;Biscoe;flipper_length_mm;219
Gentoo;102;Biscoe;flipper_length_mm;228
Gentoo;103;Biscoe;flipper_length_mm;215
Gentoo;104;Biscoe;flipper_length_mm;228
Gentoo;105;Biscoe;flipper_length_mm;216
Gentoo;106;Biscoe;flipper_length_mm;215
Gentoo;107;Biscoe;flipper_length_mm;210
Gentoo;108;Biscoe;flipper_length_mm;219
Gentoo;109;Biscoe;flipper_length_mm;208
Gentoo;110;Biscoe;flipper_length_mm;209
Gentoo;111;Biscoe;flipper_length_mm;216
Gentoo;112;Biscoe;flipper_length_mm;229
Gentoo;113;Biscoe;flipper_length_mm;213
Gentoo;114;Biscoe;flipper_length_mm;230
Gentoo;115;Biscoe;flipper_length_mm;217
Gentoo;116;Biscoe;flipper_length_mm;230
Gentoo;117;Biscoe;flipper_length_mm;217
Gentoo;118;Biscoe;flipper_length_mm;222
Gentoo;119;Biscoe;flipper_length_mm;214
Gentoo;120;Biscoe;flipper_length_mm;NA
Gentoo;121;Biscoe;flipper_length_mm;215
Gentoo;122;Biscoe;flipper_length_mm;222
Gentoo;123;Biscoe;flipper_length_mm;212
Gentoo;124;Biscoe;flipper_length_mm;213
Adelie;1;Biscoe;body_mass_g;3400
Adelie;2;Biscoe;body_mass_g;3600
Adelie;3;Biscoe;body_mass_g;3800
Adelie;4;Biscoe;body_mass_g;3950
Adelie;5;Biscoe;body_mass_g;3800
Adelie;6;Biscoe;body_mass_g;3800
Adelie;7;Biscoe;body_mass_g;3550
Adelie;8;Biscoe;body_mass_g;3200
Adelie;9;Biscoe;body_mass_g;3150
Adelie;10;Biscoe;body_mass_g;3950
Adelie;11;Biscoe;body_mass_g;3500
Adelie;12;Biscoe;body_mass_g;4300
Adelie;13;Biscoe;body_mass_g;3450
Adelie;14;Biscoe;body_mass_g;4050
Adelie;15;Biscoe;body_mass_g;2900
Adelie;16;Biscoe;body_mass_g;3700
Adelie;17;Biscoe;body_mass_g;3550
Adelie;18;Biscoe;body_mass_g;3800
Adelie;19;Biscoe;body_mass_g;2850
Adelie;20;Biscoe;body_mass_g;3750
Adelie;21;Biscoe;body_mass_g;3150
Adelie;22;Biscoe;body_mass_g;4400
Adelie;23;Biscoe;body_mass_g;3600
Adelie;24;Biscoe;body_mass_g;4050
Adelie;25;Biscoe;body_mass_g;2850
Adelie;26;Biscoe;body_mass_g;3950
Adelie;27;Biscoe;body_mass_g;3350
Adelie;28;Biscoe;body_mass_g;4100
Adelie;29;Biscoe;body_mass_g;3725
Adelie;30;Biscoe;body_mass_g;4725
Adelie;31;Biscoe;body_mass_g;3075
Adelie;32;Biscoe;body_mass_g;4250
Adelie;33;Biscoe;body_mass_g;2925
Adelie;34;Biscoe;body_mass_g;3550
Adelie;35;Biscoe;body_mass_g;3750
Adelie;36;Biscoe;body_mass_g;3900
Adelie;37;Biscoe;body_mass_g;3175
Adelie;38;Biscoe;body_mass_g;4775
Adelie;39;Biscoe;body_mass_g;3825
Adelie;40;Biscoe;body_mass_g;4600
Adelie;41;Biscoe;body_mass_g;3200
Adelie;42;Biscoe;body_mass_g;4275
Adelie;43;Biscoe;body_mass_g;3900
Adelie;44;Biscoe;body_mass_g;4075
Adelie;1;Dream;body_mass_g;3250
Adelie;2;Dream;body_mass_g;3900
Adelie;3;Dream;body_mass_g;3300
Adelie;4;Dream;body_mass_g;3900
Adelie;5;Dream;body_mass_g;3325
Adelie;6;Dream;body_mass_g;4150
Adelie;7;Dream;body_mass_g;3950
Adelie;8;Dream;body_mass_g;3550
Adelie;9;Dream;body_mass_g;3300
Adelie;10;Dream;body_mass_g;4650
Adelie;11;Dream;body_mass_g;3150
Adelie;12;Dream;body_mass_g;3900
Adelie;13;Dream;body_mass_g;3100
Adelie;14;Dream;body_mass_g;4400
Adelie;15;Dream;body_mass_g;3000
Adelie;16;Dream;body_mass_g;4600
Adelie;17;Dream;body_mass_g;3425
Adelie;18;Dream;body_mass_g;2975
Adelie;19;Dream;body_mass_g;3450
Adelie;20;Dream;body_mass_g;4150
Adelie;21;Dream;body_mass_g;3350
Adelie;22;Dream;body_mass_g;3550
Adelie;23;Dream;body_mass_g;3800
Adelie;24;Dream;body_mass_g;3500
Adelie;25;Dream;body_mass_g;3950
Adelie;26;Dream;body_mass_g;3600
Adelie;27;Dream;body_mass_g;3550
Adelie;28;Dream;body_mass_g;4300
Adelie;29;Dream;body_mass_g;3400
Adelie;30;Dream;body_mass_g;4450
Adelie;31;Dream;body_mass_g;3300
Adelie;32;Dream;body_mass_g;4300
Adelie;33;Dream;body_mass_g;3700
Adelie;34;Dream;body_mass_g;4350
Adelie;35;Dream;body_mass_g;2900
Adelie;36;Dream;body_mass_g;4100
Adelie;37;Dream;body_mass_g;3500
Adelie;38;Dream;body_mass_g;4475
Adelie;39;Dream;body_mass_g;3425
Adelie;40;Dream;body_mass_g;3900
Adelie;41;Dream;body_mass_g;3175
Adelie;42;Dream;body_mass_g;3975
Adelie;43;Dream;body_mass_g;3400
Adelie;44;Dream;body_mass_g;4250
Adelie;45;Dream;body_mass_g;3400
Adelie;46;Dream;body_mass_g;3475
Adelie;47;Dream;body_mass_g;3050
Adelie;48;Dream;body_mass_g;3725
Adelie;49;Dream;body_mass_g;3000
Adelie;50;Dream;body_mass_g;3650
Adelie;51;Dream;body_mass_g;4250
Adelie;52;Dream;body_mass_g;3475
Adelie;53;Dream;body_mass_g;3450
Adelie;54;Dream;body_mass_g;3750
Adelie;55;Dream;body_mass_g;3700
Adelie;56;Dream;body_mass_g;4000
Adelie;1;Torgersen;body_mass_g;3750
Adelie;2;Torgersen;body_mass_g;3800
Adelie;3;Torgersen;body_mass_g;3250
Adelie;4;Torgersen;body_mass_g;NA
Adelie;5;Torgersen;body_mass_g;3450
Adelie;6;Torgersen;body_mass_g;3650
Adelie;7;Torgersen;body_mass_g;3625
Adelie;8;Torgersen;body_mass_g;4675
Adelie;9;Torgersen;body_mass_g;3475
Adelie;10;Torgersen;body_mass_g;4250
Adelie;11;Torgersen;body_mass_g;3300
Adelie;12;Torgersen;body_mass_g;3700
Adelie;13;Torgersen;body_mass_g;3200
Adelie;14;Torgersen;body_mass_g;3800
Adelie;15;Torgersen;body_mass_g;4400
Adelie;16;Torgersen;body_mass_g;3700
Adelie;17;Torgersen;body_mass_g;3450
Adelie;18;Torgersen;body_mass_g;4500
Adelie;19;Torgersen;body_mass_g;3325
Adelie;20;Torgersen;body_mass_g;4200
Adelie;21;Torgersen;body_mass_g;3050
Adelie;22;Torgersen;body_mass_g;4450
Adelie;23;Torgersen;body_mass_g;3600
Adelie;24;Torgersen;body_mass_g;3900
Adelie;25;Torgersen;body_mass_g;3550
Adelie;26;Torgersen;body_mass_g;4150
Adelie;27;Torgersen;body_mass_g;3700
Adelie;28;Torgersen;body_mass_g;4250
Adelie;29;Torgersen;body_mass_g;3700
Adelie;30;Torgersen;body_mass_g;3900
Adelie;31;Torgersen;body_mass_g;3550
Adelie;32;Torgersen;body_mass_g;4000
Adelie;33;Torgersen;body_mass_g;3200
Adelie;34;Torgersen;body_mass_g;4700
Adelie;35;Torgersen;body_mass_g;3800
Adelie;36;Torgersen;body_mass_g;4200
Adelie;37;Torgersen;body_mass_g;2900
Adelie;38;Torgersen;body_mass_g;3775
Adelie;39;Torgersen;body_mass_g;3350
Adelie;40;Torgersen;body_mass_g;3325
Adelie;41;Torgersen;body_mass_g;3150
Adelie;42;Torgersen;body_mass_g;3500
Adelie;43;Torgersen;body_mass_g;3450
Adelie;44;Torgersen;body_mass_g;3875
Adelie;45;Torgersen;body_mass_g;3050
Adelie;46;Torgersen;body_mass_g;4000
Adelie;47;Torgersen;body_mass_g;3275
Adelie;48;Torgersen;body_mass_g;4300
Adelie;49;Torgersen;body_mass_g;3050
Adelie;50;Torgersen;body_mass_g;4000
Adelie;51;Torgersen;body_mass_g;3325
Adelie;52;Torgersen;body_mass_g;3500
Chinstrap;1;Dream;body_mass_g;3500
Chinstrap;2;Dream;body_mass_g;3900
Chinstrap;3;Dream;body_mass_g;3650
Chinstrap;4;Dream;body_mass_g;3525
Chinstrap;5;Dream;body_mass_g;3725
Chinstrap;6;Dream;body_mass_g;3950
Chinstrap;7;Dream;body_mass_g;3250
Chinstrap;8;Dream;body_mass_g;3750
Chinstrap;9;Dream;body_mass_g;4150
Chinstrap;10;Dream;body_mass_g;3700
Chinstrap;11;Dream;body_mass_g;3800
Chinstrap;12;Dream;body_mass_g;3775
Chinstrap;13;Dream;body_mass_g;3700
Chinstrap;14;Dream;body_mass_g;4050
Chinstrap;15;Dream;body_mass_g;3575
Chinstrap;16;Dream;body_mass_g;4050
Chinstrap;17;Dream;body_mass_g;3300
Chinstrap;18;Dream;body_mass_g;3700
Chinstrap;19;Dream;body_mass_g;3450
Chinstrap;20;Dream;body_mass_g;4400
Chinstrap;21;Dream;body_mass_g;3600
Chinstrap;22;Dream;body_mass_g;3400
Chinstrap;23;Dream;body_mass_g;2900
Chinstrap;24;Dream;body_mass_g;3800
Chinstrap;25;Dream;body_mass_g;3300
Chinstrap;26;Dream;body_mass_g;4150
Chinstrap;27;Dream;body_mass_g;3400
Chinstrap;28;Dream;body_mass_g;3800
Chinstrap;29;Dream;body_mass_g;3700
Chinstrap;30;Dream;body_mass_g;4550
Chinstrap;31;Dream;body_mass_g;3200
Chinstrap;32;Dream;body_mass_g;4300
Chinstrap;33;Dream;body_mass_g;3350
Chinstrap;34;Dream;body_mass_g;4100
Chinstrap;35;Dream;body_mass_g;3600
Chinstrap;36;Dream;body_mass_g;3900
Chinstrap;37;Dream;body_mass_g;3850
Chinstrap;38;Dream;body_mass_g;4800
Chinstrap;39;Dream;body_mass_g;2700
Chinstrap;40;Dream;body_mass_g;4500
Chinstrap;41;Dream;body_mass_g;3950
Chinstrap;42;Dream;body_mass_g;3650
Chinstrap;43;Dream;body_mass_g;3550
Chinstrap;44;Dream;body_mass_g;3500
Chinstrap;45;Dream;body_mass_g;3675
Chinstrap;46;Dream;body_mass_g;4450
Chinstrap;47;Dream;body_mass_g;3400
Chinstrap;48;Dream;body_mass_g;4300
Chinstrap;49;Dream;body_mass_g;3250
Chinstrap;50;Dream;body_mass_g;3675
Chinstrap;51;Dream;body_mass_g;3325
Chinstrap;52;Dream;body_mass_g;3950
Chinstrap;53;Dream;body_mass_g;3600
Chinstrap;54;Dream;body_mass_g;4050
Chinstrap;55;Dream;body_mass_g;3350
Chinstrap;56;Dream;body_mass_g;3450
Chinstrap;57;Dream;body_mass_g;3250
Chinstrap;58;Dream;body_mass_g;4050
Chinstrap;59;Dream;body_mass_g;3800
Chinstrap;60;Dream;body_mass_g;3525
Chinstrap;61;Dream;body_mass_g;3950
Chinstrap;62;Dream;body_mass_g;3650
Chinstrap;63;Dream;body_mass_g;3650
Chinstrap;64;Dream;body_mass_g;4000
Chinstrap;65;Dream;body_mass_g;3400
Chinstrap;66;Dream;body_mass_g;3775
Chinstrap;67;Dream;body_mass_g;4100
Chinstrap;68;Dream;body_mass_g;3775
Gentoo;1;Biscoe;body_mass_g;4500
Gentoo;2;Biscoe;body_mass_g;5700
Gentoo;3;Biscoe;body_mass_g;4450
Gentoo;4;Biscoe;body_mass_g;5700
Gentoo;5;Biscoe;body_mass_g;5400
Gentoo;6;Biscoe;body_mass_g;4550
Gentoo;7;Biscoe;body_mass_g;4800
Gentoo;8;Biscoe;body_mass_g;5200
Gentoo;9;Biscoe;body_mass_g;4400
Gentoo;10;Biscoe;body_mass_g;5150
Gentoo;11;Biscoe;body_mass_g;4650
Gentoo;12;Biscoe;body_mass_g;5550
Gentoo;13;Biscoe;body_mass_g;4650
Gentoo;14;Biscoe;body_mass_g;5850
Gentoo;15;Biscoe;body_mass_g;4200
Gentoo;16;Biscoe;body_mass_g;5850
Gentoo;17;Biscoe;body_mass_g;4150
Gentoo;18;Biscoe;body_mass_g;6300
Gentoo;19;Biscoe;body_mass_g;4800
Gentoo;20;Biscoe;body_mass_g;5350
Gentoo;21;Biscoe;body_mass_g;5700
Gentoo;22;Biscoe;body_mass_g;5000
Gentoo;23;Biscoe;body_mass_g;4400
Gentoo;24;Biscoe;body_mass_g;5050
Gentoo;25;Biscoe;body_mass_g;5000
Gentoo;26;Biscoe;body_mass_g;5100
Gentoo;27;Biscoe;body_mass_g;4100
Gentoo;28;Biscoe;body_mass_g;5650
Gentoo;29;Biscoe;body_mass_g;4600
Gentoo;30;Biscoe;body_mass_g;5550
Gentoo;31;Biscoe;body_mass_g;5250
Gentoo;32;Biscoe;body_mass_g;4700
Gentoo;33;Biscoe;body_mass_g;5050
Gentoo;34;Biscoe;body_mass_g;6050
Gentoo;35;Biscoe;body_mass_g;5150
Gentoo;36;Biscoe;body_mass_g;5400
Gentoo;37;Biscoe;body_mass_g;4950
Gentoo;38;Biscoe;body_mass_g;5250
Gentoo;39;Biscoe;body_mass_g;4350
Gentoo;40;Biscoe;body_mass_g;5350
Gentoo;41;Biscoe;body_mass_g;3950
Gentoo;42;Biscoe;body_mass_g;5700
Gentoo;43;Biscoe;body_mass_g;4300
Gentoo;44;Biscoe;body_mass_g;4750
Gentoo;45;Biscoe;body_mass_g;5550
Gentoo;46;Biscoe;body_mass_g;4900
Gentoo;47;Biscoe;body_mass_g;4200
Gentoo;48;Biscoe;body_mass_g;5400
Gentoo;49;Biscoe;body_mass_g;5100
Gentoo;50;Biscoe;body_mass_g;5300
Gentoo;51;Biscoe;body_mass_g;4850
Gentoo;52;Biscoe;body_mass_g;5300
Gentoo;53;Biscoe;body_mass_g;4400
Gentoo;54;Biscoe;body_mass_g;5000
Gentoo;55;Biscoe;body_mass_g;4900
Gentoo;56;Biscoe;body_mass_g;5050
Gentoo;57;Biscoe;body_mass_g;4300
Gentoo;58;Biscoe;body_mass_g;5000
Gentoo;59;Biscoe;body_mass_g;4450
Gentoo;60;Biscoe;body_mass_g;5550
Gentoo;61;Biscoe;body_mass_g;4200
Gentoo;62;Biscoe;body_mass_g;5300
Gentoo;63;Biscoe;body_mass_g;4400
Gentoo;64;Biscoe;body_mass_g;5650
Gentoo;65;Biscoe;body_mass_g;4700
Gentoo;66;Biscoe;body_mass_g;5700
Gentoo;67;Biscoe;body_mass_g;4650
Gentoo;68;Biscoe;body_mass_g;5800
Gentoo;69;Biscoe;body_mass_g;4700
Gentoo;70;Biscoe;body_mass_g;5550
Gentoo;71;Biscoe;body_mass_g;4750
Gentoo;72;Biscoe;body_mass_g;5000
Gentoo;73;Biscoe;body_mass_g;5100
Gentoo;74;Biscoe;body_mass_g;5200
Gentoo;75;Biscoe;body_mass_g;4700
Gentoo;76;Biscoe;body_mass_g;5800
Gentoo;77;Biscoe;body_mass_g;4600
Gentoo;78;Biscoe;body_mass_g;6000
Gentoo;79;Biscoe;body_mass_g;4750
Gentoo;80;Biscoe;body_mass_g;5950
Gentoo;81;Biscoe;body_mass_g;4625
Gentoo;82;Biscoe;body_mass_g;5450
Gentoo;83;Biscoe;body_mass_g;4725
Gentoo;84;Biscoe;body_mass_g;5350
Gentoo;85;Biscoe;body_mass_g;4750
Gentoo;86;Biscoe;body_mass_g;5600
Gentoo;87;Biscoe;body_mass_g;4600
Gentoo;88;Biscoe;body_mass_g;5300
Gentoo;89;Biscoe;body_mass_g;4875
Gentoo;90;Biscoe;body_mass_g;5550
Gentoo;91;Biscoe;body_mass_g;4950
Gentoo;92;Biscoe;body_mass_g;5400
Gentoo;93;Biscoe;body_mass_g;4750
Gentoo;94;Biscoe;body_mass_g;5650
Gentoo;95;Biscoe;body_mass_g;4850
Gentoo;96;Biscoe;body_mass_g;5200
Gentoo;97;Biscoe;body_mass_g;4925
Gentoo;98;Biscoe;body_mass_g;4875
Gentoo;99;Biscoe;body_mass_g;4625
Gentoo;100;Biscoe;body_mass_g;5250
Gentoo;101;Biscoe;body_mass_g;4850
Gentoo;102;Biscoe;body_mass_g;5600
Gentoo;103;Biscoe;body_mass_g;4975
Gentoo;104;Biscoe;body_mass_g;5500
Gentoo;105;Biscoe;body_mass_g;4725
Gentoo;106;Biscoe;body_mass_g;5500
Gentoo;107;Biscoe;body_mass_g;4700
Gentoo;108;Biscoe;body_mass_g;5500
Gentoo;109;Biscoe;body_mass_g;4575
Gentoo;110;Biscoe;body_mass_g;5500
Gentoo;111;Biscoe;body_mass_g;5000
Gentoo;112;Biscoe;body_mass_g;5950
Gentoo;113;Biscoe;body_mass_g;4650
Gentoo;114;Biscoe;body_mass_g;5500
Gentoo;115;Biscoe;body_mass_g;4375
Gentoo;116;Biscoe;body_mass_g;5850
Gentoo;117;Biscoe;body_mass_g;4875
Gentoo;118;Biscoe;body_mass_g;6000
Gentoo;119;Biscoe;body_mass_g;4925
Gentoo;120;Biscoe;body_mass_g;NA
Gentoo;121;Biscoe;body_mass_g;4850
Gentoo;122;Biscoe;body_mass_g;5750
Gentoo;123;Biscoe;body_mass_g;5200
Gentoo;124;Biscoe;body_mass_g;5400
Adelie;1;Biscoe;sex;female
Adelie;2;Biscoe;sex;male
Adelie;3;Biscoe;sex;female
Adelie;4;Biscoe;sex;male
Adelie;5;Biscoe;sex;male
Adelie;6;Biscoe;sex;female
Adelie;7;Biscoe;sex;male
Adelie;8;Biscoe;sex;female
Adelie;9;Biscoe;sex;female
Adelie;10;Biscoe;sex;male
Adelie;11;Biscoe;sex;female
Adelie;12;Biscoe;sex;male
Adelie;13;Biscoe;sex;female
Adelie;14;Biscoe;sex;male
Adelie;15;Biscoe;sex;female
Adelie;16;Biscoe;sex;male
Adelie;17;Biscoe;sex;female
Adelie;18;Biscoe;sex;male
Adelie;19;Biscoe;sex;female
Adelie;20;Biscoe;sex;male
Adelie;21;Biscoe;sex;female
Adelie;22;Biscoe;sex;male
Adelie;23;Biscoe;sex;female
Adelie;24;Biscoe;sex;male
Adelie;25;Biscoe;sex;female
Adelie;26;Biscoe;sex;male
Adelie;27;Biscoe;sex;female
Adelie;28;Biscoe;sex;male
Adelie;29;Biscoe;sex;female
Adelie;30;Biscoe;sex;male
Adelie;31;Biscoe;sex;female
Adelie;32;Biscoe;sex;male
Adelie;33;Biscoe;sex;female
Adelie;34;Biscoe;sex;male
Adelie;35;Biscoe;sex;female
Adelie;36;Biscoe;sex;male
Adelie;37;Biscoe;sex;female
Adelie;38;Biscoe;sex;male
Adelie;39;Biscoe;sex;female
Adelie;40;Biscoe;sex;male
Adelie;41;Biscoe;sex;female
Adelie;42;Biscoe;sex;male
Adelie;43;Biscoe;sex;female
Adelie;44;Biscoe;sex;male
Adelie;1;Dream;sex;female
Adelie;2;Dream;sex;male
Adelie;3;Dream;sex;female
Adelie;4;Dream;sex;male
Adelie;5;Dream;sex;female
Adelie;6;Dream;sex;male
Adelie;7;Dream;sex;male
Adelie;8;Dream;sex;female
Adelie;9;Dream;sex;female
Adelie;10;Dream;sex;male
Adelie;11;Dream;sex;female
Adelie;12;Dream;sex;male
Adelie;13;Dream;sex;female
Adelie;14;Dream;sex;male
Adelie;15;Dream;sex;female
Adelie;16;Dream;sex;male
Adelie;17;Dream;sex;male
Adelie;18;Dream;sex;NA
Adelie;19;Dream;sex;female
Adelie;20;Dream;sex;male
Adelie;21;Dream;sex;female
Adelie;22;Dream;sex;male
Adelie;23;Dream;sex;male
Adelie;24;Dream;sex;female
Adelie;25;Dream;sex;male
Adelie;26;Dream;sex;female
Adelie;27;Dream;sex;female
Adelie;28;Dream;sex;male
Adelie;29;Dream;sex;female
Adelie;30;Dream;sex;male
Adelie;31;Dream;sex;female
Adelie;32;Dream;sex;male
Adelie;33;Dream;sex;female
Adelie;34;Dream;sex;male
Adelie;35;Dream;sex;female
Adelie;36;Dream;sex;male
Adelie;37;Dream;sex;female
Adelie;38;Dream;sex;male
Adelie;39;Dream;sex;female
Adelie;40;Dream;sex;male
Adelie;41;Dream;sex;female
Adelie;42;Dream;sex;male
Adelie;43;Dream;sex;female
Adelie;44;Dream;sex;male
Adelie;45;Dream;sex;female
Adelie;46;Dream;sex;male
Adelie;47;Dream;sex;female
Adelie;48;Dream;sex;male
Adelie;49;Dream;sex;female
Adelie;50;Dream;sex;male
Adelie;51;Dream;sex;male
Adelie;52;Dream;sex;female
Adelie;53;Dream;sex;female
Adelie;54;Dream;sex;male
Adelie;55;Dream;sex;female
Adelie;56;Dream;sex;male
Adelie;1;Torgersen;sex;male
Adelie;2;Torgersen;sex;female
Adelie;3;Torgersen;sex;female
Adelie;4;Torgersen;sex;NA
Adelie;5;Torgersen;sex;female
Adelie;6;Torgersen;sex;male
Adelie;7;Torgersen;sex;female
Adelie;8;Torgersen;sex;male
Adelie;9;Torgersen;sex;NA
Adelie;10;Torgersen;sex;NA
Adelie;11;Torgersen;sex;NA
Adelie;12;Torgersen;sex;NA
Adelie;13;Torgersen;sex;female
Adelie;14;Torgersen;sex;male
Adelie;15;Torgersen;sex;male
Adelie;16;Torgersen;sex;female
Adelie;17;Torgersen;sex;female
Adelie;18;Torgersen;sex;male
Adelie;19;Torgersen;sex;female
Adelie;20;Torgersen;sex;male
Adelie;21;Torgersen;sex;female
Adelie;22;Torgersen;sex;male
Adelie;23;Torgersen;sex;female
Adelie;24;Torgersen;sex;male
Adelie;25;Torgersen;sex;female
Adelie;26;Torgersen;sex;male
Adelie;27;Torgersen;sex;female
Adelie;28;Torgersen;sex;male
Adelie;29;Torgersen;sex;female
Adelie;30;Torgersen;sex;male
Adelie;31;Torgersen;sex;female
Adelie;32;Torgersen;sex;male
Adelie;33;Torgersen;sex;female
Adelie;34;Torgersen;sex;male
Adelie;35;Torgersen;sex;female
Adelie;36;Torgersen;sex;male
Adelie;37;Torgersen;sex;female
Adelie;38;Torgersen;sex;male
Adelie;39;Torgersen;sex;female
Adelie;40;Torgersen;sex;male
Adelie;41;Torgersen;sex;female
Adelie;42;Torgersen;sex;male
Adelie;43;Torgersen;sex;female
Adelie;44;Torgersen;sex;male
Adelie;45;Torgersen;sex;female
Adelie;46;Torgersen;sex;male
Adelie;47;Torgersen;sex;female
Adelie;48;Torgersen;sex;male
Adelie;49;Torgersen;sex;female
Adelie;50;Torgersen;sex;male
Adelie;51;Torgersen;sex;female
Adelie;52;Torgersen;sex;male
Chinstrap;1;Dream;sex;female
Chinstrap;2;Dream;sex;male
Chinstrap;3;Dream;sex;male
Chinstrap;4;Dream;sex;female
Chinstrap;5;Dream;sex;male
Chinstrap;6;Dream;sex;female
Chinstrap;7;Dream;sex;female
Chinstrap;8;Dream;sex;male
Chinstrap;9;Dream;sex;female
Chinstrap;10;Dream;sex;male
Chinstrap;11;Dream;sex;female
Chinstrap;12;Dream;sex;male
Chinstrap;13;Dream;sex;female
Chinstrap;14;Dream;sex;male
Chinstrap;15;Dream;sex;female
Chinstrap;16;Dream;sex;male
Chinstrap;17;Dream;sex;male
Chinstrap;18;Dream;sex;female
Chinstrap;19;Dream;sex;female
Chinstrap;20;Dream;sex;male
Chinstrap;21;Dream;sex;female
Chinstrap;22;Dream;sex;male
Chinstrap;23;Dream;sex;female
Chinstrap;24;Dream;sex;male
Chinstrap;25;Dream;sex;female
Chinstrap;26;Dream;sex;male
Chinstrap;27;Dream;sex;female
Chinstrap;28;Dream;sex;male
Chinstrap;29;Dream;sex;female
Chinstrap;30;Dream;sex;male
Chinstrap;31;Dream;sex;female
Chinstrap;32;Dream;sex;male
Chinstrap;33;Dream;sex;female
Chinstrap;34;Dream;sex;male
Chinstrap;35;Dream;sex;male
Chinstrap;36;Dream;sex;female
Chinstrap;37;Dream;sex;female
Chinstrap;38;Dream;sex;male
Chinstrap;39;Dream;sex;female
Chinstrap;40;Dream;sex;male
Chinstrap;41;Dream;sex;male
Chinstrap;42;Dream;sex;female
Chinstrap;43;Dream;sex;male
Chinstrap;44;Dream;sex;female
Chinstrap;45;Dream;sex;female
Chinstrap;46;Dream;sex;male
Chinstrap;47;Dream;sex;female
Chinstrap;48;Dream;sex;male
Chinstrap;49;Dream;sex;male
Chinstrap;50;Dream;sex;female
Chinstrap;51;Dream;sex;female
Chinstrap;52;Dream;sex;male
Chinstrap;53;Dream;sex;female
Chinstrap;54;Dream;sex;male
Chinstrap;55;Dream;sex;female
Chinstrap;56;Dream;sex;male
Chinstrap;57;Dream;sex;female
Chinstrap;58;Dream;sex;male
Chinstrap;59;Dream;sex;male
Chinstrap;60;Dream;sex;female
Chinstrap;61;Dream;sex;male
Chinstrap;62;Dream;sex;female
Chinstrap;63;Dream;sex;female
Chinstrap;64;Dream;sex;male
Chinstrap;65;Dream;sex;female
Chinstrap;66;Dream;sex;male
Chinstrap;67;Dream;sex;male
Chinstrap;68;Dream;sex;female
Gentoo;1;Biscoe;sex;female
Gentoo;2;Biscoe;sex;male
Gentoo;3;Biscoe;sex;female
Gentoo;4;Biscoe;sex;male
Gentoo;5;Biscoe;sex;male
Gentoo;6;Biscoe;sex;female
Gentoo;7;Biscoe;sex;female
Gentoo;8;Biscoe;sex;male
Gentoo;9;Biscoe;sex;female
Gentoo;10;Biscoe;sex;male
Gentoo;11;Biscoe;sex;female
Gentoo;12;Biscoe;sex;male
Gentoo;13;Biscoe;sex;female
Gentoo;14;Biscoe;sex;male
Gentoo;15;Biscoe;sex;female
Gentoo;16;Biscoe;sex;male
Gentoo;17;Biscoe;sex;female
Gentoo;18;Biscoe;sex;male
Gentoo;19;Biscoe;sex;female
Gentoo;20;Biscoe;sex;male
Gentoo;21;Biscoe;sex;male
Gentoo;22;Biscoe;sex;female
Gentoo;23;Biscoe;sex;female
Gentoo;24;Biscoe;sex;male
Gentoo;25;Biscoe;sex;female
Gentoo;26;Biscoe;sex;male
Gentoo;27;Biscoe;sex;NA
Gentoo;28;Biscoe;sex;male
Gentoo;29;Biscoe;sex;female
Gentoo;30;Biscoe;sex;male
Gentoo;31;Biscoe;sex;male
Gentoo;32;Biscoe;sex;female
Gentoo;33;Biscoe;sex;female
Gentoo;34;Biscoe;sex;male
Gentoo;35;Biscoe;sex;female
Gentoo;36;Biscoe;sex;male
Gentoo;37;Biscoe;sex;female
Gentoo;38;Biscoe;sex;male
Gentoo;39;Biscoe;sex;female
Gentoo;40;Biscoe;sex;male
Gentoo;41;Biscoe;sex;female
Gentoo;42;Biscoe;sex;male
Gentoo;43;Biscoe;sex;female
Gentoo;44;Biscoe;sex;male
Gentoo;45;Biscoe;sex;male
Gentoo;46;Biscoe;sex;female
Gentoo;47;Biscoe;sex;female
Gentoo;48;Biscoe;sex;male
Gentoo;49;Biscoe;sex;female
Gentoo;50;Biscoe;sex;male
Gentoo;51;Biscoe;sex;female
Gentoo;52;Biscoe;sex;male
Gentoo;53;Biscoe;sex;female
Gentoo;54;Biscoe;sex;male
Gentoo;55;Biscoe;sex;female
Gentoo;56;Biscoe;sex;male
Gentoo;57;Biscoe;sex;female
Gentoo;58;Biscoe;sex;male
Gentoo;59;Biscoe;sex;female
Gentoo;60;Biscoe;sex;male
Gentoo;61;Biscoe;sex;female
Gentoo;62;Biscoe;sex;male
Gentoo;63;Biscoe;sex;female
Gentoo;64;Biscoe;sex;male
Gentoo;65;Biscoe;sex;female
Gentoo;66;Biscoe;sex;male
Gentoo;67;Biscoe;sex;NA
Gentoo;68;Biscoe;sex;male
Gentoo;69;Biscoe;sex;female
Gentoo;70;Biscoe;sex;male
Gentoo;71;Biscoe;sex;female
Gentoo;72;Biscoe;sex;male
Gentoo;73;Biscoe;sex;male
Gentoo;74;Biscoe;sex;female
Gentoo;75;Biscoe;sex;female
Gentoo;76;Biscoe;sex;male
Gentoo;77;Biscoe;sex;female
Gentoo;78;Biscoe;sex;male
Gentoo;79;Biscoe;sex;female
Gentoo;80;Biscoe;sex;male
Gentoo;81;Biscoe;sex;female
Gentoo;82;Biscoe;sex;male
Gentoo;83;Biscoe;sex;female
Gentoo;84;Biscoe;sex;male
Gentoo;85;Biscoe;sex;female
Gentoo;86;Biscoe;sex;male
Gentoo;87;Biscoe;sex;female
Gentoo;88;Biscoe;sex;male
Gentoo;89;Biscoe;sex;female
Gentoo;90;Biscoe;sex;male
Gentoo;91;Biscoe;sex;female
Gentoo;92;Biscoe;sex;male
Gentoo;93;Biscoe;sex;female
Gentoo;94;Biscoe;sex;male
Gentoo;95;Biscoe;sex;female
Gentoo;96;Biscoe;sex;male
Gentoo;97;Biscoe;sex;male
Gentoo;98;Biscoe;sex;female
Gentoo;99;Biscoe;sex;female
Gentoo;100;Biscoe;sex;male
Gentoo;101;Biscoe;sex;female
Gentoo;102;Biscoe;sex;male
Gentoo;103;Biscoe;sex;female
Gentoo;104;Biscoe;sex;male
Gentoo;105;Biscoe;sex;NA
Gentoo;106;Biscoe;sex;male
Gentoo;107;Biscoe;sex;female
Gentoo;108;Biscoe;sex;male
Gentoo;109;Biscoe;sex;female
Gentoo;110;Biscoe;sex;male
Gentoo;111;Biscoe;sex;female
Gentoo;112;Biscoe;sex;male
Gentoo;113;Biscoe;sex;female
Gentoo;114;Biscoe;sex;male
Gentoo;115;Biscoe;sex;female
Gentoo;116;Biscoe;sex;male
Gentoo;117;Biscoe;sex;NA
Gentoo;118;Biscoe;sex;male
Gentoo;119;Biscoe;sex;female
Gentoo;120;Biscoe;sex;NA
Gentoo;121;Biscoe;sex;female
Gentoo;122;Biscoe;sex;male
Gentoo;123;Biscoe;sex;female
Gentoo;124;Biscoe;sex;male
Adelie;1;Biscoe;year;2007
Adelie;2;Biscoe;year;2007
Adelie;3;Biscoe;year;2007
Adelie;4;Biscoe;year;2007
Adelie;5;Biscoe;year;2007
Adelie;6;Biscoe;year;2007
Adelie;7;Biscoe;year;2007
Adelie;8;Biscoe;year;2007
Adelie;9;Biscoe;year;2007
Adelie;10;Biscoe;year;2007
Adelie;11;Biscoe;year;2008
Adelie;12;Biscoe;year;2008
Adelie;13;Biscoe;year;2008
Adelie;14;Biscoe;year;2008
Adelie;15;Biscoe;year;2008
Adelie;16;Biscoe;year;2008
Adelie;17;Biscoe;year;2008
Adelie;18;Biscoe;year;2008
Adelie;19;Biscoe;year;2008
Adelie;20;Biscoe;year;2008
Adelie;21;Biscoe;year;2008
Adelie;22;Biscoe;year;2008
Adelie;23;Biscoe;year;2008
Adelie;24;Biscoe;year;2008
Adelie;25;Biscoe;year;2008
Adelie;26;Biscoe;year;2008
Adelie;27;Biscoe;year;2008
Adelie;28;Biscoe;year;2008
Adelie;29;Biscoe;year;2009
Adelie;30;Biscoe;year;2009
Adelie;31;Biscoe;year;2009
Adelie;32;Biscoe;year;2009
Adelie;33;Biscoe;year;2009
Adelie;34;Biscoe;year;2009
Adelie;35;Biscoe;year;2009
Adelie;36;Biscoe;year;2009
Adelie;37;Biscoe;year;2009
Adelie;38;Biscoe;year;2009
Adelie;39;Biscoe;year;2009
Adelie;40;Biscoe;year;2009
Adelie;41;Biscoe;year;2009
Adelie;42;Biscoe;year;2009
Adelie;43;Biscoe;year;2009
Adelie;44;Biscoe;year;2009
Adelie;1;Dream;year;2007
Adelie;2;Dream;year;2007
Adelie;3;Dream;year;2007
Adelie;4;Dream;year;2007
Adelie;5;Dream;year;2007
Adelie;6;Dream;year;2007
Adelie;7;Dream;year;2007
Adelie;8;Dream;year;2007
Adelie;9;Dream;year;2007
Adelie;10;Dream;year;2007
Adelie;11;Dream;year;2007
Adelie;12;Dream;year;2007
Adelie;13;Dream;year;2007
Adelie;14;Dream;year;2007
Adelie;15;Dream;year;2007
Adelie;16;Dream;year;2007
Adelie;17;Dream;year;2007
Adelie;18;Dream;year;2007
Adelie;19;Dream;year;2007
Adelie;20;Dream;year;2007
Adelie;21;Dream;year;2008
Adelie;22;Dream;year;2008
Adelie;23;Dream;year;2008
Adelie;24;Dream;year;2008
Adelie;25;Dream;year;2008
Adelie;26;Dream;year;2008
Adelie;27;Dream;year;2008
Adelie;28;Dream;year;2008
Adelie;29;Dream;year;2008
Adelie;30;Dream;year;2008
Adelie;31;Dream;year;2008
Adelie;32;Dream;year;2008
Adelie;33;Dream;year;2008
Adelie;34;Dream;year;2008
Adelie;35;Dream;year;2008
Adelie;36;Dream;year;2008
Adelie;37;Dream;year;2009
Adelie;38;Dream;year;2009
Adelie;39;Dream;year;2009
Adelie;40;Dream;year;2009
Adelie;41;Dream;year;2009
Adelie;42;Dream;year;2009
Adelie;43;Dream;year;2009
Adelie;44;Dream;year;2009
Adelie;45;Dream;year;2009
Adelie;46;Dream;year;2009
Adelie;47;Dream;year;2009
Adelie;48;Dream;year;2009
Adelie;49;Dream;year;2009
Adelie;50;Dream;year;2009
Adelie;51;Dream;year;2009
Adelie;52;Dream;year;2009
Adelie;53;Dream;year;2009
Adelie;54;Dream;year;2009
Adelie;55;Dream;year;2009
Adelie;56;Dream;year;2009
Adelie;1;Torgersen;year;2007
Adelie;2;Torgersen;year;2007
Adelie;3;Torgersen;year;2007
Adelie;4;Torgersen;year;2007
Adelie;5;Torgersen;year;2007
Adelie;6;Torgersen;year;2007
Adelie;7;Torgersen;year;2007
Adelie;8;Torgersen;year;2007
Adelie;9;Torgersen;year;2007
Adelie;10;Torgersen;year;2007
Adelie;11;Torgersen;year;2007
Adelie;12;Torgersen;year;2007
Adelie;13;Torgersen;year;2007
Adelie;14;Torgersen;year;2007
Adelie;15;Torgersen;year;2007
Adelie;16;Torgersen;year;2007
Adelie;17;Torgersen;year;2007
Adelie;18;Torgersen;year;2007
Adelie;19;Torgersen;year;2007
Adelie;20;Torgersen;year;2007
Adelie;21;Torgersen;year;2008
Adelie;22;Torgersen;year;2008
Adelie;23;Torgersen;year;2008
Adelie;24;Torgersen;year;2008
Adelie;25;Torgersen;year;2008
Adelie;26;Torgersen;year;2008
Adelie;27;Torgersen;year;2008
Adelie;28;Torgersen;year;2008
Adelie;29;Torgersen;year;2008
Adelie;30;Torgersen;year;2008
Adelie;31;Torgersen;year;2008
Adelie;32;Torgersen;year;2008
Adelie;33;Torgersen;year;2008
Adelie;34;Torgersen;year;2008
Adelie;35;Torgersen;year;2008
Adelie;36;Torgersen;year;2008
Adelie;37;Torgersen;year;2009
Adelie;38;Torgersen;year;2009
Adelie;39;Torgersen;year;2009
Adelie;40;Torgersen;year;2009
Adelie;41;Torgersen;year;2009
Adelie;42;Torgersen;year;2009
Adelie;43;Torgersen;year;2009
Adelie;44;Torgersen;year;2009
Adelie;45;Torgersen;year;2009
Adelie;46;Torgersen;year;2009
Adelie;47;Torgersen;year;2009
Adelie;48;Torgersen;year;2009
Adelie;49;Torgersen;year;2009
Adelie;50;Torgersen;year;2009
Adelie;51;Torgersen;year;2009
Adelie;52;Torgersen;year;2009
Chinstrap;1;Dream;year;2007
Chinstrap;2;Dream;year;2007
Chinstrap;3;Dream;year;2007
Chinstrap;4;Dream;year;2007
Chinstrap;5;Dream;year;2007
Chinstrap;6;Dream;year;2007
Chinstrap;7;Dream;year;2007
Chinstrap;8;Dream;year;2007
Chinstrap;9;Dream;year;2007
Chinstrap;10;Dream;year;2007
Chinstrap;11;Dream;year;2007
Chinstrap;12;Dream;year;2007
Chinstrap;13;Dream;year;2007
Chinstrap;14;Dream;year;2007
Chinstrap;15;Dream;year;2007
Chinstrap;16;Dream;year;2007
Chinstrap;17;Dream;year;2007
Chinstrap;18;Dream;year;2007
Chinstrap;19;Dream;year;2007
Chinstrap;20;Dream;year;2007
Chinstrap;21;Dream;year;2007
Chinstrap;22;Dream;year;2007
Chinstrap;23;Dream;year;2007
Chinstrap;24;Dream;year;2007
Chinstrap;25;Dream;year;2007
Chinstrap;26;Dream;year;2007
Chinstrap;27;Dream;year;2008
Chinstrap;28;Dream;year;2008
Chinstrap;29;Dream;year;2008
Chinstrap;30;Dream;year;2008
Chinstrap;31;Dream;year;2008
Chinstrap;32;Dream;year;2008
Chinstrap;33;Dream;year;2008
Chinstrap;34;Dream;year;2008
Chinstrap;35;Dream;year;2008
Chinstrap;36;Dream;year;2008
Chinstrap;37;Dream;year;2008
Chinstrap;38;Dream;year;2008
Chinstrap;39;Dream;year;2008
Chinstrap;40;Dream;year;2008
Chinstrap;41;Dream;year;2008
Chinstrap;42;Dream;year;2008
Chinstrap;43;Dream;year;2008
Chinstrap;44;Dream;year;2008
Chinstrap;45;Dream;year;2009
Chinstrap;46;Dream;year;2009
Chinstrap;47;Dream;year;2009
Chinstrap;48;Dream;year;2009
Chinstrap;49;Dream;year;2009
Chinstrap;50;Dream;year;2009
Chinstrap;51;Dream;year;2009
Chinstrap;52;Dream;year;2009
Chinstrap;53;Dream;year;2009
Chinstrap;54;Dream;year;2009
Chinstrap;55;Dream;year;2009
Chinstrap;56;Dream;year;2009
Chinstrap;57;Dream;year;2009
Chinstrap;58;Dream;year;2009
Chinstrap;59;Dream;year;2009
Chinstrap;60;Dream;year;2009
Chinstrap;61;Dream;year;2009
Chinstrap;62;Dream;year;2009
Chinstrap;63;Dream;year;2009
Chinstrap;64;Dream;year;2009
Chinstrap;65;Dream;year;2009
Chinstrap;66;Dream;year;2009
Chinstrap;67;Dream;year;2009
Chinstrap;68;Dream;year;2009
Gentoo;1;Biscoe;year;2007
Gentoo;2;Biscoe;year;2007
Gentoo;3;Biscoe;year;2007
Gentoo;4;Biscoe;year;2007
Gentoo;5;Biscoe;year;2007
Gentoo;6;Biscoe;year;2007
Gentoo;7;Biscoe;year;2007
Gentoo;8;Biscoe;year;2007
Gentoo;9;Biscoe;year;2007
Gentoo;10;Biscoe;year;2007
Gentoo;11;Biscoe;year;2007
Gentoo;12;Biscoe;year;2007
Gentoo;13;Biscoe;year;2007
Gentoo;14;Biscoe;year;2007
Gentoo;15;Biscoe;year;2007
Gentoo;16;Biscoe;year;2007
Gentoo;17;Biscoe;year;2007
Gentoo;18;Biscoe;year;2007
Gentoo;19;Biscoe;year;2007
Gentoo;20;Biscoe;year;2007
Gentoo;21;Biscoe;year;2007
Gentoo;22;Biscoe;year;2007
Gentoo;23;Biscoe;year;2007
Gentoo;24;Biscoe;year;2007
Gentoo;25;Biscoe;year;2007
Gentoo;26;Biscoe;year;2007
Gentoo;27;Biscoe;year;2007
Gentoo;28;Biscoe;year;2007
Gentoo;29;Biscoe;year;2007
Gentoo;30;Biscoe;year;2007
Gentoo;31;Biscoe;year;2007
Gentoo;32;Biscoe;year;2007
Gentoo;33;Biscoe;year;2007
Gentoo;34;Biscoe;year;2007
Gentoo;35;Biscoe;year;2008
Gentoo;36;Biscoe;year;2008
Gentoo;37;Biscoe;year;2008
Gentoo;38;Biscoe;year;2008
Gentoo;39;Biscoe;year;2008
Gentoo;40;Biscoe;year;2008
Gentoo;41;Biscoe;year;2008
Gentoo;42;Biscoe;year;2008
Gentoo;43;Biscoe;year;2008
Gentoo;44;Biscoe;year;2008
Gentoo;45;Biscoe;year;2008
Gentoo;46;Biscoe;year;2008
Gentoo;47;Biscoe;year;2008
Gentoo;48;Biscoe;year;2008
Gentoo;49;Biscoe;year;2008
Gentoo;50;Biscoe;year;2008
Gentoo;51;Biscoe;year;2008
Gentoo;52;Biscoe;year;2008
Gentoo;53;Biscoe;year;2008
Gentoo;54;Biscoe;year;2008
Gentoo;55;Biscoe;year;2008
Gentoo;56;Biscoe;year;2008
Gentoo;57;Biscoe;year;2008
Gentoo;58;Biscoe;year;2008
Gentoo;59;Biscoe;year;2008
Gentoo;60;Biscoe;year;2008
Gentoo;61;Biscoe;year;2008
Gentoo;62;Biscoe;year;2008
Gentoo;63;Biscoe;year;2008
Gentoo;64;Biscoe;year;2008
Gentoo;65;Biscoe;year;2008
Gentoo;66;Biscoe;year;2008
Gentoo;67;Biscoe;year;2008
Gentoo;68;Biscoe;year;2008
Gentoo;69;Biscoe;year;2008
Gentoo;70;Biscoe;year;2008
Gentoo;71;Biscoe;year;2008
Gentoo;72;Biscoe;year;2008
Gentoo;73;Biscoe;year;2008
Gentoo;74;Biscoe;year;2008
Gentoo;75;Biscoe;year;2008
Gentoo;76;Biscoe;year;2008
Gentoo;77;Biscoe;year;2008
Gentoo;78;Biscoe;year;2008
Gentoo;79;Biscoe;year;2008
Gentoo;80;Biscoe;year;2008
Gentoo;81;Biscoe;year;2009
Gentoo;82;Biscoe;year;2009
Gentoo;83;Biscoe;year;2009
Gentoo;84;Biscoe;year;2009
Gentoo;85;Biscoe;year;2009
Gentoo;86;Biscoe;year;2009
Gentoo;87;Biscoe;year;2009
Gentoo;88;Biscoe;year;2009
Gentoo;89;Biscoe;year;2009
Gentoo;90;Biscoe;year;2009
Gentoo;91;Biscoe;year;2009
Gentoo;92;Biscoe;year;2009
Gentoo;93;Biscoe;year;2009
Gentoo;94;Biscoe;year;2009
Gentoo;95;Biscoe;year;2009
Gentoo;96;Biscoe;year;2009
Gentoo;97;Biscoe;year;2009
Gentoo;98;Biscoe;year;2009
Gentoo;99;Biscoe;year;2009
Gentoo;100;Biscoe;year;2009
Gentoo;101;Biscoe;year;2009
Gentoo;102;Biscoe;year;2009
Gentoo;103;Biscoe;year;2009
Gentoo;104;Biscoe;year;2009
Gentoo;105;Biscoe;year;2009
Gentoo;106;Biscoe;year;2009
Gentoo;107;Biscoe;year;2009
Gentoo;108;Biscoe;year;2009
Gentoo;109;Biscoe;year;2009
Gentoo;110;Biscoe;year;2009
Gentoo;111;Biscoe;year;2009
Gentoo;112;Biscoe;year;2009
Gentoo;113;Biscoe;year;2009
Gentoo;114;Biscoe;year;2009
Gentoo;115;Biscoe;year;2009
Gentoo;116;Biscoe;year;2009
Gentoo;117;Biscoe;year;2009
Gentoo;118;Biscoe;year;2009
Gentoo;119;Biscoe;year;2009
Gentoo;120;Biscoe;year;2009
Gentoo;121;Biscoe;year;2009
Gentoo;122;Biscoe;year;2009
Gentoo;123;Biscoe;year;2009
Gentoo;124;Biscoe;year;2009